PO_ID,Supplier,Order_Date,Delivery_Date,Item_Category,Order_Status,Quantity,Unit_Price,Negotiated_Price,Defective_Units,Compliance,Total Spend,Delivery Days,Order Month,Negotiation Savings,Defect Rate %
PO-00001,Alpha_Inc,17-10-2023,25-10-2023,Office Supplies,Cancelled,1176,20.13,17.81,,Yes,23672.88,8,Oct-23,2728.32,0%
PO-00002,Delta_Logistics,25-04-2022,05-05-2022,Office Supplies,Delivered,1509,39.32,37.34,235,Yes,59333.88,10,Apr-22,2987.82,16%
PO-00003,Gamma_Co,26-01-2022,15-02-2022,MRO,Delivered,910,95.51,92.26,41,Yes,86914.1,20,Jan-22,2957.5,5%
PO-00004,Beta_Supplies,09-10-2022,28-10-2022,Packaging,Delivered,1344,99.85,95.52,112,Yes,134198.4,19,Oct-22,5819.52,8%
PO-00005,Delta_Logistics,08-09-2022,20-09-2022,Raw Materials,Delivered,1180,64.07,60.53,171,No,75602.6,12,Sep-22,4177.2,14%
PO-00006,Epsilon_Group,17-08-2022,29-08-2022,MRO,Delivered,1145,69.21,63.57,39,Yes,79245.45,12,Aug-22,6457.8,3%
PO-00007,Gamma_Co,23-05-2022,03-06-2022,MRO,Delivered,1774,51.37,47.82,96,No,91130.38,11,May-22,6297.7,5%
PO-00008,Alpha_Inc,15-04-2022,29-04-2022,MRO,Delivered,1094,36.93,32.78,22,Yes,40401.42,14,Apr-22,4540.1,2%
PO-00009,Gamma_Co,24-11-2023,28-11-2023,Raw Materials,Partially Delivered,1688,43.93,39.89,89,Yes,74153.84,4,Nov-23,6819.52,5%
PO-00010,Gamma_Co,13-07-2023,25-07-2023,Raw Materials,Pending,171,76.87,70.2,8,Yes,13144.77,12,Jul-23,1140.57,5%
PO-00011,Epsilon_Group,31-03-2022,15-04-2022,Raw Materials,Delivered,5000,78.49,73.68,18,Yes,392450,15,Mar-22,24050,0%
PO-00012,Beta_Supplies,28-08-2023,11-09-2023,Raw Materials,Delivered,5000,88.96,86.58,115,Yes,444800,14,Aug-23,11900,2%
PO-00013,Beta_Supplies,09-03-2023,26-03-2023,Electronics,Pending,5000,86.74,74.86,51,Yes,433700,17,Mar-23,59400,1%
PO-00014,Beta_Supplies,02-02-2022,,MRO,Delivered,5000,18.3,16.88,,Yes,91500,-44594,Feb-22,7100,0%
PO-00015,Delta_Logistics,31-01-2022,18-02-2022,Electronics,Pending,5000,54.5,48.45,22,Yes,272500,18,Jan-22,30250,0%
PO-00016,Beta_Supplies,06-04-2022,21-04-2022,Packaging,Delivered,5000,15.41,15.12,,Yes,77050,15,Apr-22,1450,0%
PO-00017,Delta_Logistics,12-08-2022,31-08-2022,MRO,Delivered,1173,61.54,55.49,172,No,72186.42,19,Aug-22,7096.65,15%
PO-00018,Epsilon_Group,27-08-2022,04-09-2022,Raw Materials,Delivered,921,51.48,50.61,,Yes,47413.08,8,Aug-22,801.27,0%
PO-00019,Gamma_Co,02-06-2023,05-06-2023,Raw Materials,Partially Delivered,1737,97.53,87.37,79,Yes,169409.61,3,Jun-23,17647.92,5%
PO-00020,Delta_Logistics,09-09-2023,24-09-2023,Raw Materials,Delivered,180,45.74,38.89,,No,8233.2,15,Sep-23,1233,0%
PO-00021,Epsilon_Group,28-01-2022,12-02-2022,Electronics,Cancelled,1735,20.54,19.69,49,Yes,35636.9,15,Jan-22,1474.75,3%
PO-00022,Delta_Logistics,29-07-2023,11-08-2023,Raw Materials,Delivered,1382,24.93,23.75,,Yes,34453.26,13,Jul-23,1630.76,0%
PO-00023,Epsilon_Group,23-07-2022,08-08-2022,MRO,Delivered,819,80.89,77.03,29,Yes,66248.91,16,Jul-22,3161.34,4%
PO-00024,Beta_Supplies,28-10-2023,03-11-2023,Office Supplies,Partially Delivered,393,72.53,66.31,42,No,28504.29,6,Oct-23,2444.46,11%
PO-00025,Beta_Supplies,20-12-2023,01-01-2024,MRO,Delivered,1565,21.3,20.09,161,Yes,33334.5,12,Dec-23,1893.65,10%
PO-00026,Epsilon_Group,13-07-2023,24-07-2023,Packaging,Delivered,1487,19.15,17.24,,Yes,28476.05,11,Jul-23,2840.17,0%
PO-00027,Alpha_Inc,06-03-2023,26-03-2023,MRO,Delivered,855,78.2,67.16,17,Yes,66861,20,Mar-23,9439.2,2%
PO-00028,Epsilon_Group,14-08-2022,23-08-2022,Raw Materials,Delivered,435,17.13,15.84,8,Yes,7451.55,9,Aug-22,561.15,2%
PO-00029,Delta_Logistics,05-04-2023,22-04-2023,MRO,Delivered,1265,90.26,79.47,187,Yes,114178.9,17,Apr-23,13649.35,15%
PO-00030,Epsilon_Group,27-08-2023,,MRO,Delivered,1005,80.55,73.31,30,Yes,80952.75,-45165,Aug-23,7276.2,3%
PO-00031,Gamma_Co,12-10-2022,26-10-2022,Electronics,Delivered,326,18.1,15.92,,No,5900.6,14,Oct-22,710.68,0%
PO-00032,Alpha_Inc,07-01-2022,15-01-2022,Office Supplies,Delivered,1234,17.64,15.66,26,Yes,21767.76,8,Jan-22,2443.32,2%
PO-00033,Epsilon_Group,13-06-2022,29-06-2022,MRO,Delivered,509,101.27,97.82,19,Yes,51546.43,16,Jun-22,1756.05,4%
PO-00034,Alpha_Inc,16-12-2023,17-12-2023,Packaging,Delivered,1387,48.71,43.71,27,Yes,67560.77,1,Dec-23,6935,2%
PO-00035,Alpha_Inc,09-03-2023,17-03-2023,MRO,Delivered,71,46.39,43.18,0,Yes,3293.69,8,Mar-23,227.91,0%
PO-00036,Epsilon_Group,15-12-2022,23-12-2022,Office Supplies,Delivered,302,87.73,81.52,9,Yes,26494.46,8,Dec-22,1875.42,3%
PO-00037,Epsilon_Group,12-10-2022,31-10-2022,Office Supplies,Pending,797,99.54,91.37,18,Yes,79333.38,19,Oct-22,6511.49,2%
PO-00038,Beta_Supplies,09-06-2022,27-06-2022,Office Supplies,Pending,906,101.21,90.9,94,Yes,91696.26,18,Jun-22,9340.86,10%
PO-00039,Epsilon_Group,09-08-2022,23-08-2022,Office Supplies,Delivered,1634,80.53,76.15,50,Yes,131586.02,14,Aug-22,7156.92,3%
PO-00040,Epsilon_Group,11-12-2022,,Office Supplies,Delivered,524,46.28,39.65,14,Yes,24250.72,-44906,Dec-22,3474.12,3%
PO-00041,Beta_Supplies,15-04-2022,27-04-2022,Electronics,Delivered,1132,17.78,15.36,96,Yes,20126.96,12,Apr-22,2739.44,8%
PO-00042,Beta_Supplies,05-04-2022,14-04-2022,Office Supplies,Delivered,560,81.14,77.87,34,No,45438.4,9,Apr-22,1831.2,6%
PO-00043,Gamma_Co,25-01-2023,02-02-2023,Electronics,Delivered,1755,63.87,58.4,85,Yes,112091.85,8,Jan-23,9599.85,5%
PO-00044,Epsilon_Group,10-04-2022,17-04-2022,MRO,Delivered,1549,48.9,42.42,48,Yes,75746.1,7,Apr-22,10037.52,3%
PO-00045,Delta_Logistics,03-01-2023,21-01-2023,MRO,Delivered,749,97.07,94.16,123,Yes,72705.43,18,Jan-23,2179.59,16%
PO-00046,Alpha_Inc,19-12-2022,,Electronics,Delivered,1025,21.11,19.25,15,Yes,21637.75,-44914,Dec-22,1906.5,1%
PO-00047,Beta_Supplies,11-09-2023,18-09-2023,Raw Materials,Delivered,1856,59.77,50.81,191,Yes,110933.12,7,Sep-23,16629.76,10%
PO-00048,Epsilon_Group,28-09-2022,14-10-2022,Office Supplies,Delivered,239,11.46,11.28,4,Yes,2738.94,16,Sep-22,43.02,2%
PO-00049,Delta_Logistics,14-02-2022,05-03-2022,Office Supplies,Pending,1007,52.44,46.06,167,Yes,52807.08,19,Feb-22,6424.66,17%
PO-00050,Alpha_Inc,16-04-2023,,MRO,Pending,736,16.2,15.33,18,Yes,11923.2,-45032,Apr-23,640.32,2%
PO-00051,Epsilon_Group,04-07-2023,14-07-2023,Electronics,Delivered,1007,22.56,19.59,,Yes,22717.92,10,Jul-23,2990.79,0%
PO-00052,Delta_Logistics,08-05-2022,,Office Supplies,Delivered,612,20.99,19.75,102,Yes,12845.88,-44689,May-22,758.88,17%
PO-00053,Alpha_Inc,23-01-2023,02-02-2023,MRO,Pending,1949,72.53,63.26,48,No,141360.97,10,Jan-23,18067.23,2%
PO-00054,Delta_Logistics,22-03-2022,28-03-2022,Office Supplies,Cancelled,1640,77.92,76.41,262,No,127788.8,6,Mar-22,2476.4,16%
PO-00055,Beta_Supplies,20-07-2023,07-08-2023,Electronics,Delivered,1317,68.13,60.52,136,Yes,89727.21,18,Jul-23,10022.37,10%
PO-00056,Epsilon_Group,28-10-2022,30-10-2022,Raw Materials,Delivered,881,100.94,95.05,30,Yes,88928.14,2,Oct-22,5189.09,3%
PO-00057,Delta_Logistics,06-10-2023,,Packaging,Delivered,1578,48.33,42.77,206,Yes,76264.74,-45205,Oct-23,8773.68,13%
PO-00058,Delta_Logistics,26-09-2023,01-10-2023,MRO,Delivered,1204,39.29,35.44,,Yes,47305.16,5,Sep-23,4635.4,0%
PO-00059,Epsilon_Group,06-01-2023,22-01-2023,MRO,Pending,1558,93.46,91.27,39,Yes,145610.68,16,Jan-23,3412.02,3%
PO-00060,Alpha_Inc,15-08-2023,16-08-2023,Packaging,Delivered,1892,32.99,28.81,35,Yes,62417.08,1,Aug-23,7908.56,2%
PO-00061,Epsilon_Group,16-07-2022,01-08-2022,Packaging,Delivered,696,99.59,90.18,25,Yes,69314.64,16,Jul-22,6549.36,4%
PO-00062,Delta_Logistics,23-12-2023,03-01-2024,MRO,Partially Delivered,70,12.37,11.04,10,Yes,865.9,11,Dec-23,93.1,14%
PO-00063,Gamma_Co,13-03-2022,15-03-2022,Raw Materials,Delivered,890,98.26,93.14,49,Yes,87451.4,2,Mar-22,4556.8,6%
PO-00064,Alpha_Inc,16-02-2022,04-03-2022,MRO,Delivered,216,13.95,12.31,5,Yes,3013.2,16,Feb-22,354.24,2%
PO-00065,Delta_Logistics,09-11-2023,12-11-2023,Packaging,Delivered,1347,100.13,94.3,200,Yes,134875.11,3,Nov-23,7853.01,15%
PO-00066,Gamma_Co,22-08-2022,25-08-2022,Office Supplies,Partially Delivered,437,59.51,56.45,25,No,26005.87,3,Aug-22,1337.22,6%
PO-00067,Alpha_Inc,24-10-2022,26-10-2022,Electronics,Delivered,650,103.84,88.28,12,Yes,67496,2,Oct-22,10114,2%
PO-00068,Beta_Supplies,23-03-2022,11-04-2022,Office Supplies,Delivered,365,16.81,15.41,38,Yes,6135.65,19,Mar-22,511,10%
PO-00069,Epsilon_Group,27-08-2022,,Raw Materials,Cancelled,63,61.94,53.8,,Yes,3902.22,-44800,Aug-22,512.82,0%
PO-00070,Alpha_Inc,14-04-2022,22-04-2022,MRO,Delivered,291,98.7,87.02,9,Yes,28721.7,8,Apr-22,3398.88,3%
PO-00071,Alpha_Inc,25-01-2023,08-02-2023,MRO,Cancelled,826,60.5,57.18,18,Yes,49973,14,Jan-23,2742.32,2%
PO-00072,Delta_Logistics,12-10-2022,01-11-2022,Electronics,Pending,1419,69.64,59.28,194,Yes,98819.16,20,Oct-22,14700.84,14%
PO-00073,Gamma_Co,10-04-2023,27-04-2023,Office Supplies,Delivered,614,78.06,73.95,40,Yes,47928.84,17,Apr-23,2523.54,7%
PO-00074,Alpha_Inc,13-10-2023,28-10-2023,Electronics,Delivered,947,56.25,54.25,19,Yes,53268.75,15,Oct-23,1894,2%
PO-00075,Epsilon_Group,09-01-2023,28-01-2023,Raw Materials,Delivered,1413,70.47,69.65,,Yes,99574.11,19,Jan-23,1158.66,0%
PO-00076,Alpha_Inc,16-06-2022,,Office Supplies,Partially Delivered,141,64.15,58.32,,Yes,9045.15,-44728,Jun-22,822.03,0%
PO-00077,Alpha_Inc,15-01-2023,04-02-2023,Office Supplies,Delivered,1440,96.57,83.87,36,Yes,139060.8,20,Jan-23,18288,3%
PO-00078,Delta_Logistics,30-12-2022,03-01-2023,Raw Materials,Delivered,1005,14.87,12.79,,No,14944.35,4,Dec-22,2090.4,0%
PO-00079,Alpha_Inc,03-08-2022,,MRO,Delivered,1528,36.52,33,31,No,55802.56,-44776,Aug-22,5378.56,2%
PO-00080,Gamma_Co,18-11-2023,25-11-2023,MRO,Delivered,1501,106.05,100.99,77,No,159181.05,7,Nov-23,7595.06,5%
PO-00081,Delta_Logistics,01-10-2022,04-10-2022,Packaging,Delivered,558,94.18,81.4,,No,52552.44,3,Oct-22,7131.24,0%
PO-00082,Beta_Supplies,20-12-2023,26-12-2023,MRO,Delivered,825,56.88,50.84,,Yes,46926,6,Dec-23,4983,0%
PO-00083,Beta_Supplies,01-12-2023,07-12-2023,Electronics,Cancelled,84,73.38,71.42,9,Yes,6163.92,6,Dec-23,164.64,11%
PO-00084,Delta_Logistics,26-10-2023,10-11-2023,Raw Materials,Delivered,255,38.64,33.59,27,No,9853.2,15,Oct-23,1287.75,11%
PO-00085,Gamma_Co,15-03-2022,31-03-2022,MRO,Delivered,1154,27.2,26.07,58,Yes,31388.8,16,Mar-22,1304.02,5%
PO-00086,Delta_Logistics,16-09-2023,24-09-2023,Office Supplies,Delivered,1635,56.91,54.37,262,No,93047.85,8,Sep-23,4152.9,16%
PO-00087,Delta_Logistics,13-10-2023,23-10-2023,Raw Materials,Delivered,1945,46.19,40.12,278,No,89839.55,10,Oct-23,11806.15,14%
PO-00088,Delta_Logistics,25-06-2022,10-07-2022,MRO,Partially Delivered,1461,64.09,63.39,228,No,93635.49,15,Jun-22,1022.7,16%
PO-00089,Delta_Logistics,01-07-2023,09-07-2023,Electronics,Delivered,1075,18.53,16.12,147,Yes,19919.75,8,Jul-23,2590.75,14%
PO-00090,Alpha_Inc,08-09-2022,,Packaging,Delivered,1071,101.6,93.91,25,Yes,108813.6,-44812,Sep-22,8235.99,2%
PO-00091,Epsilon_Group,17-06-2022,06-07-2022,Packaging,Pending,1463,101.23,86.17,43,Yes,148099.49,19,Jun-22,22032.78,3%
PO-00092,Beta_Supplies,19-04-2023,26-04-2023,Raw Materials,Delivered,615,78.3,73.68,69,Yes,48154.5,7,Apr-23,2841.3,11%
PO-00093,Gamma_Co,24-01-2023,11-02-2023,Electronics,Delivered,1179,61.74,56.28,,Yes,72791.46,18,Jan-23,6437.34,0%
PO-00094,Alpha_Inc,04-10-2022,09-10-2022,Electronics,Partially Delivered,1845,39.56,37.63,45,Yes,72988.2,5,Oct-22,3560.85,2%
PO-00095,Beta_Supplies,18-10-2023,,Electronics,Cancelled,1895,91.98,86.27,170,Yes,174302.1,-45217,Oct-23,10820.45,9%
PO-00096,Epsilon_Group,06-12-2023,09-12-2023,MRO,Partially Delivered,1550,79.86,69.57,32,No,123783,3,Dec-23,15949.5,2%
PO-00097,Delta_Logistics,25-07-2023,04-08-2023,Packaging,Delivered,752,26.85,24.37,,No,20191.2,10,Jul-23,1864.96,0%
PO-00098,Epsilon_Group,13-08-2022,01-09-2022,Electronics,Delivered,451,95.2,90.07,21,Yes,42935.2,19,Aug-22,2313.63,5%
PO-00099,Beta_Supplies,03-12-2023,,Office Supplies,Delivered,779,93.69,90.92,66,Yes,72984.51,-45263,Dec-23,2157.83,8%
PO-00100,Beta_Supplies,29-11-2022,14-12-2022,MRO,Pending,1629,100.26,86.44,187,No,163323.54,15,Nov-22,22512.78,11%
PO-00101,Alpha_Inc,27-02-2022,22-02-2022,Office Supplies,Delivered,211,75.69,65.4,2,Yes,15970.59,-5,Feb-22,2171.19,1%
PO-00102,Alpha_Inc,23-08-2022,,Office Supplies,Delivered,251,67.49,64.48,2,Yes,16939.99,-44796,Aug-22,755.51,1%
PO-00103,Gamma_Co,02-02-2022,18-02-2022,Raw Materials,Delivered,1045,47.88,44.65,69,Yes,50034.6,16,Feb-22,3375.35,7%
PO-00104,Delta_Logistics,20-11-2022,10-12-2022,MRO,Delivered,319,98.64,89.15,57,Yes,31466.16,20,Nov-22,3027.31,18%
PO-00105,Epsilon_Group,15-02-2023,01-03-2023,Office Supplies,Partially Delivered,1936,93.66,92.24,58,Yes,181325.76,14,Feb-23,2749.12,3%
PO-00106,Delta_Logistics,02-10-2022,22-10-2022,MRO,Cancelled,865,14.7,13.14,135,No,12715.5,20,Oct-22,1349.4,16%
PO-00107,Epsilon_Group,09-03-2022,12-03-2022,Electronics,Delivered,1344,12.5,10.87,44,Yes,16800,3,Mar-22,2190.72,3%
PO-00108,Delta_Logistics,05-08-2022,24-08-2022,Raw Materials,Pending,505,45.42,40.37,62,Yes,22937.1,19,Aug-22,2550.25,12%
PO-00109,Beta_Supplies,04-08-2023,05-08-2023,Packaging,Delivered,1535,90.83,78.28,151,No,139424.05,1,Aug-23,19264.25,10%
PO-00110,Beta_Supplies,19-11-2022,,Office Supplies,Delivered,1800,103.8,96.27,166,Yes,186840,-44884,Nov-22,13554,9%
PO-00111,Delta_Logistics,06-08-2022,15-08-2022,Raw Materials,Pending,1325,24.36,22.75,206,Yes,32277,9,Aug-22,2133.25,16%
PO-00112,Gamma_Co,03-11-2023,09-11-2023,Raw Materials,Delivered,1066,70.45,65.88,56,No,75099.7,6,Nov-23,4871.62,5%
PO-00113,Beta_Supplies,27-05-2023,11-06-2023,Raw Materials,Delivered,1775,47.82,45.86,180,Yes,84880.5,15,May-23,3479,10%
PO-00114,Gamma_Co,10-02-2023,,Raw Materials,Partially Delivered,345,103.62,98.09,25,No,35748.9,-44967,Feb-23,1907.85,7%
PO-00115,Beta_Supplies,21-10-2023,09-11-2023,Electronics,Delivered,1798,94.8,91.83,,Yes,170450.4,19,Oct-23,5340.06,0%
PO-00116,Alpha_Inc,15-04-2023,01-05-2023,MRO,Delivered,769,91.86,86.55,17,Yes,70640.34,16,Apr-23,4083.39,2%
PO-00117,Alpha_Inc,27-05-2022,,Packaging,Delivered,1822,53.23,47.49,39,Yes,96985.06,-44708,May-22,10458.28,2%
PO-00118,Delta_Logistics,29-09-2022,13-10-2022,Packaging,Delivered,387,49.23,45.41,61,Yes,19052.01,14,Sep-22,1478.34,16%
PO-00119,Epsilon_Group,23-05-2022,27-05-2022,MRO,Delivered,928,35.3,32.52,26,Yes,32758.4,4,May-22,2579.84,3%
PO-00120,Alpha_Inc,10-09-2022,21-09-2022,Packaging,Partially Delivered,1126,15.68,14.97,27,Yes,17655.68,11,Sep-22,799.46,2%
PO-00121,Beta_Supplies,29-07-2023,14-08-2023,Raw Materials,Cancelled,841,95.73,85.33,81,Yes,80508.93,16,Jul-23,8746.4,10%
PO-00122,Beta_Supplies,06-07-2023,19-07-2023,Electronics,Delivered,1995,90.65,77.75,206,Yes,180846.75,13,Jul-23,25735.5,10%
PO-00123,Alpha_Inc,27-09-2022,15-10-2022,Raw Materials,Delivered,266,103.97,101.44,6,Yes,27656.02,18,Sep-22,672.98,2%
PO-00124,Alpha_Inc,22-08-2023,25-08-2023,Raw Materials,Cancelled,813,109.17,107.39,14,Yes,88755.21,3,Aug-23,1447.14,2%
PO-00125,Epsilon_Group,15-03-2023,26-03-2023,Electronics,Delivered,237,64.19,59.01,7,Yes,15213.03,11,Mar-23,1227.66,3%
PO-00126,Alpha_Inc,21-08-2023,03-09-2023,Office Supplies,Cancelled,429,86.73,75.09,9,Yes,37207.17,13,Aug-23,4993.56,2%
PO-00127,Delta_Logistics,13-02-2023,14-02-2023,Packaging,Delivered,542,101.21,93.11,78,No,54855.82,1,Feb-23,4390.2,14%
PO-00128,Epsilon_Group,06-01-2023,24-01-2023,Electronics,Delivered,1114,91.66,85.53,35,Yes,102109.24,18,Jan-23,6828.82,3%
PO-00129,Alpha_Inc,13-08-2022,15-08-2022,MRO,Delivered,1230,33.39,30.85,26,Yes,41069.7,2,Aug-22,3124.2,2%
PO-00130,Beta_Supplies,22-05-2022,03-06-2022,MRO,Delivered,64,51.56,50.88,5,Yes,3299.84,12,May-22,43.52,8%
PO-00131,Alpha_Inc,06-06-2023,22-06-2023,MRO,Delivered,1886,23.46,23.18,,Yes,44245.56,16,Jun-23,528.08,0%
PO-00132,Delta_Logistics,21-05-2023,23-05-2023,Office Supplies,Delivered,114,103.53,101.54,14,Yes,11802.42,2,May-23,226.86,12%
PO-00133,Delta_Logistics,04-04-2022,22-04-2022,Electronics,Cancelled,1930,65.52,56.9,282,Yes,126453.6,18,Apr-22,16636.6,15%
PO-00134,Beta_Supplies,18-02-2022,28-02-2022,Office Supplies,Pending,1912,30.73,29.82,191,Yes,58755.76,10,Feb-22,1739.92,10%
PO-00135,Epsilon_Group,23-04-2022,09-05-2022,MRO,Delivered,570,71.51,66.47,,Yes,40760.7,16,Apr-22,2872.8,0%
PO-00136,Beta_Supplies,06-06-2022,26-06-2022,Raw Materials,Delivered,1417,67.27,60.62,,Yes,95321.59,20,Jun-22,9423.05,0%
PO-00137,Alpha_Inc,05-10-2023,11-10-2023,Raw Materials,Delivered,1202,46.67,44.13,21,No,56097.34,6,Oct-23,3053.08,2%
PO-00138,Beta_Supplies,13-06-2022,14-06-2022,Office Supplies,Delivered,697,20.73,19.83,78,No,14448.81,1,Jun-22,627.3,11%
PO-00139,Epsilon_Group,28-11-2023,01-12-2023,MRO,Delivered,1545,78.19,76.91,42,Yes,120803.55,3,Nov-23,1977.6,3%
PO-00140,Gamma_Co,09-03-2023,13-03-2023,MRO,Partially Delivered,1136,60.81,58.25,62,Yes,69080.16,4,Mar-23,2908.16,5%
PO-00141,Beta_Supplies,03-09-2023,07-09-2023,MRO,Delivered,1212,87.46,74.55,118,No,106001.52,4,Sep-23,15646.92,10%
PO-00142,Epsilon_Group,07-03-2022,12-03-2022,MRO,Delivered,1572,57.38,49.32,40,Yes,90201.36,5,Mar-22,12670.32,3%
PO-00143,Gamma_Co,30-01-2023,09-02-2023,Electronics,Delivered,642,91.9,81.49,26,Yes,58999.8,10,Jan-23,6683.22,4%
PO-00144,Epsilon_Group,26-01-2023,04-02-2023,Office Supplies,Delivered,441,63.25,54.12,16,Yes,27893.25,9,Jan-23,4026.33,4%
PO-00145,Epsilon_Group,03-09-2023,19-09-2023,Office Supplies,Delivered,1748,66.53,57.11,,Yes,116294.44,16,Sep-23,16466.16,0%
PO-00146,Gamma_Co,25-04-2023,,Electronics,Pending,468,95.57,91.8,24,Yes,44726.76,-45041,Apr-23,1764.36,5%
PO-00147,Beta_Supplies,26-06-2023,14-07-2023,Raw Materials,Delivered,338,50.25,46.28,49,No,16984.5,18,Jun-23,1341.86,14%
PO-00148,Gamma_Co,15-09-2022,22-09-2022,Office Supplies,Delivered,428,22.94,21.52,26,Yes,9818.32,7,Sep-22,607.76,6%
PO-00149,Beta_Supplies,21-07-2023,,Packaging,Delivered,1846,13.72,12.62,216,Yes,25327.12,-45128,Jul-23,2030.6,12%
PO-00150,Epsilon_Group,12-01-2022,17-01-2022,Office Supplies,Delivered,1563,77.96,70.8,41,Yes,121851.48,5,Jan-22,11191.08,3%
PO-00151,Beta_Supplies,28-11-2023,07-12-2023,Office Supplies,Delivered,280,73.07,69.29,30,Yes,20459.6,9,Nov-23,1058.4,11%
PO-00152,Delta_Logistics,28-04-2022,12-05-2022,Raw Materials,Delivered,1067,74.47,64.16,,No,79459.49,14,Apr-22,11000.77,0%
PO-00153,Gamma_Co,30-11-2023,17-12-2023,Electronics,Pending,90,32.38,29.96,7,Yes,2914.2,17,Nov-23,217.8,8%
PO-00154,Gamma_Co,04-07-2023,05-07-2023,Raw Materials,Delivered,1101,24.28,22.73,59,No,26732.28,1,Jul-23,1706.55,5%
PO-00155,Alpha_Inc,01-10-2022,11-10-2022,Raw Materials,Delivered,184,11.82,10.51,4,Yes,2174.88,10,Oct-22,241.04,2%
PO-00156,Epsilon_Group,19-10-2023,07-11-2023,Electronics,Delivered,250,45.92,41.02,3,Yes,11480,19,Oct-23,1225,1%
PO-00157,Epsilon_Group,15-12-2022,,Packaging,Cancelled,1913,66.56,61.34,61,Yes,127329.28,-44910,Dec-22,9985.86,3%
PO-00158,Beta_Supplies,25-04-2022,30-04-2022,Electronics,Delivered,829,45.98,40.39,,Yes,38117.42,5,Apr-22,4634.11,0%
PO-00159,Delta_Logistics,28-10-2022,13-11-2022,Raw Materials,Delivered,979,51.59,49.69,148,Yes,50506.61,16,Oct-22,1860.1,15%
PO-00160,Epsilon_Group,22-03-2023,09-04-2023,Electronics,Partially Delivered,1106,97.77,90.45,31,Yes,108133.62,18,Mar-23,8095.92,3%
PO-00161,Delta_Logistics,11-06-2022,24-06-2022,Office Supplies,Pending,1121,42.38,38.34,152,Yes,47507.98,13,Jun-22,4528.84,14%
PO-00162,Alpha_Inc,10-04-2023,21-04-2023,Office Supplies,Delivered,552,60.48,56.78,10,Yes,33384.96,11,Apr-23,2042.4,2%
PO-00163,Gamma_Co,04-01-2022,12-01-2022,Packaging,Delivered,456,80.53,77.86,26,Yes,36721.68,8,Jan-22,1217.52,6%
PO-00164,Delta_Logistics,27-09-2022,05-10-2022,Packaging,Delivered,1647,47.52,44.92,,Yes,78265.44,8,Sep-22,4282.2,0%
PO-00165,Epsilon_Group,28-05-2023,11-06-2023,Electronics,Pending,1801,71.27,61.24,43,Yes,128357.27,14,May-23,18064.03,2%
PO-00166,Gamma_Co,02-07-2022,18-07-2022,Electronics,Delivered,854,90.24,85.53,,Yes,77064.96,16,Jul-22,4022.34,0%
PO-00167,Delta_Logistics,04-06-2023,17-06-2023,Electronics,Delivered,148,103.57,98.62,23,No,15328.36,13,Jun-23,732.6,16%
PO-00168,Delta_Logistics,19-04-2022,24-04-2022,MRO,Delivered,733,23.59,22.85,92,Yes,17291.47,5,Apr-22,542.42,13%
PO-00169,Beta_Supplies,03-10-2023,05-10-2023,Raw Materials,Delivered,1945,103.2,88.56,,Yes,200724,2,Oct-23,28474.8,0%
PO-00170,Gamma_Co,02-11-2022,21-11-2022,Raw Materials,Delivered,775,57,49.14,48,Yes,44175,19,Nov-22,6091.5,6%
PO-00171,Delta_Logistics,17-10-2023,21-10-2023,Packaging,Delivered,1620,36.73,33.45,235,No,59502.6,4,Oct-23,5313.6,15%
PO-00172,Beta_Supplies,04-06-2023,19-06-2023,Office Supplies,Delivered,1010,55.68,50.86,,Yes,56236.8,15,Jun-23,4868.2,0%
PO-00173,Epsilon_Group,16-09-2023,01-10-2023,Office Supplies,Delivered,1812,108.02,101.02,51,Yes,195732.24,15,Sep-23,12684,3%
PO-00174,Delta_Logistics,23-07-2022,28-07-2022,Office Supplies,Delivered,662,55.97,50,100,Yes,37052.14,5,Jul-22,3952.14,15%
PO-00175,Beta_Supplies,06-06-2022,11-06-2022,Office Supplies,Pending,1535,40.58,38.71,165,Yes,62290.3,5,Jun-22,2870.45,11%
PO-00176,Beta_Supplies,18-01-2023,27-01-2023,Raw Materials,Delivered,692,71.03,67.74,70,Yes,49152.76,9,Jan-23,2276.68,10%
PO-00177,Gamma_Co,15-06-2022,28-06-2022,MRO,Delivered,1842,32.4,28.08,96,Yes,59680.8,13,Jun-22,7957.44,5%
PO-00178,Beta_Supplies,07-07-2023,18-07-2023,Office Supplies,Cancelled,1078,18.34,17.41,102,Yes,19770.52,11,Jul-23,1002.54,9%
PO-00179,Delta_Logistics,28-06-2023,16-07-2023,Packaging,Delivered,1291,23.44,22.23,,Yes,30261.04,18,Jun-23,1562.11,0%
PO-00180,Alpha_Inc,01-01-2022,12-01-2022,Electronics,Delivered,552,21.52,18.79,13,Yes,11879.04,11,Jan-22,1506.96,2%
PO-00181,Epsilon_Group,06-09-2023,22-09-2023,Electronics,Delivered,816,26.04,25.61,28,Yes,21248.64,16,Sep-23,350.88,3%
PO-00182,Delta_Logistics,28-11-2022,30-11-2022,Packaging,Delivered,447,23.62,21.81,50,Yes,10558.14,2,Nov-22,809.07,11%
PO-00183,Delta_Logistics,16-05-2023,24-05-2023,Packaging,Partially Delivered,920,73.09,70.14,,Yes,67242.8,8,May-23,2714,0%
PO-00184,Epsilon_Group,20-01-2022,30-01-2022,Packaging,Partially Delivered,844,26.37,25.08,38,Yes,22256.28,10,Jan-22,1088.76,5%
PO-00185,Epsilon_Group,25-04-2022,,MRO,Delivered,442,41.73,36.45,15,Yes,18444.66,-44676,Apr-22,2333.76,3%
PO-00186,Beta_Supplies,07-01-2023,21-01-2023,Electronics,Cancelled,256,96.15,83.44,26,Yes,24614.4,14,Jan-23,3253.76,10%
PO-00187,Delta_Logistics,11-11-2022,,MRO,Partially Delivered,1088,55.29,53.04,161,No,60155.52,-44876,Nov-22,2448,15%
PO-00188,Beta_Supplies,03-09-2022,07-09-2022,Office Supplies,Delivered,1931,72.88,64.69,187,Yes,140731.28,4,Sep-22,15814.89,10%
PO-00189,Gamma_Co,01-03-2022,11-03-2022,Electronics,Delivered,1627,25.76,25.09,74,Yes,41911.52,10,Mar-22,1090.09,5%
PO-00190,Beta_Supplies,04-09-2022,,Packaging,Delivered,941,28.4,27.21,,No,26724.4,-44808,Sep-22,1119.79,0%
PO-00191,Gamma_Co,04-08-2023,06-08-2023,MRO,Delivered,1534,14.98,12.79,,Yes,22979.32,2,Aug-23,3359.46,0%
PO-00192,Alpha_Inc,22-03-2022,03-04-2022,Raw Materials,Delivered,1764,25.46,24.52,46,Yes,44911.44,12,Mar-22,1658.16,3%
PO-00193,Delta_Logistics,29-03-2022,06-04-2022,Electronics,Delivered,1648,35.42,31.46,,No,58372.16,8,Mar-22,6526.08,0%
PO-00194,Gamma_Co,13-05-2023,01-06-2023,Packaging,Delivered,913,28.01,24.06,53,Yes,25573.13,19,May-23,3606.35,6%
PO-00195,Alpha_Inc,12-03-2022,18-03-2022,Packaging,Cancelled,792,18.16,17.25,17,Yes,14382.72,6,Mar-22,720.72,2%
PO-00196,Epsilon_Group,30-06-2023,03-07-2023,Office Supplies,Partially Delivered,1314,22.63,21.06,44,Yes,29735.82,3,Jun-23,2062.98,3%
PO-00197,Beta_Supplies,09-05-2022,22-05-2022,MRO,Delivered,613,52.5,45.19,70,Yes,32182.5,13,May-22,4481.03,11%
PO-00198,Alpha_Inc,12-05-2022,20-05-2022,Office Supplies,Delivered,1070,29.14,26.63,24,Yes,31179.8,8,May-22,2685.7,2%
PO-00199,Gamma_Co,07-11-2023,26-11-2023,Raw Materials,Partially Delivered,145,47.49,42.76,6,Yes,6886.05,19,Nov-23,685.85,4%
PO-00200,Delta_Logistics,02-05-2023,17-05-2023,Raw Materials,Delivered,1973,59.73,54.95,291,Yes,117847.29,15,May-23,9430.94,15%
PO-00201,Epsilon_Group,17-07-2023,01-08-2023,Office Supplies,Delivered,1807,78.63,73.08,100,Yes,142084.41,15,Jul-23,10028.85,6%
PO-00202,Epsilon_Group,19-06-2022,20-06-2022,Electronics,Delivered,534,13.88,12.51,100,Yes,7411.92,1,Jun-22,731.58,19%
PO-00203,Alpha_Inc,29-09-2022,14-10-2022,Electronics,Delivered,1480,85.22,75.48,100,Yes,126125.6,15,Sep-22,14415.2,7%
PO-00204,Alpha_Inc,25-06-2023,,Office Supplies,Delivered,280,72.16,62.38,100,Yes,20204.8,-45102,Jun-23,2738.4,36%
PO-00205,Beta_Supplies,14-09-2023,20-09-2023,Office Supplies,Cancelled,798,19.09,17.76,100,Yes,15233.82,6,Sep-23,1061.34,13%
PO-00206,Epsilon_Group,10-03-2023,22-03-2023,Electronics,Delivered,1728,94.83,90.2,100,Yes,163866.24,12,Mar-23,8000.64,6%
PO-00207,Epsilon_Group,05-08-2022,,MRO,Delivered,1244,96.13,84.78,43,Yes,119585.72,-44778,Aug-22,14119.4,3%
PO-00208,Beta_Supplies,07-07-2023,21-07-2023,Office Supplies,Delivered,590,16.89,15.56,46,No,9965.1,14,Jul-23,784.7,8%
PO-00209,Delta_Logistics,08-12-2023,23-12-2023,Packaging,Delivered,1109,38.93,33.33,152,Yes,43173.37,15,Dec-23,6210.4,14%
PO-00210,Beta_Supplies,25-07-2022,01-08-2022,MRO,Delivered,574,85.03,82.55,54,Yes,48807.22,7,Jul-22,1423.52,9%
PO-00211,Gamma_Co,01-01-2024,,Office Supplies,Delivered,1233,86.62,76.59,65,Yes,106802.46,-45292,Jan-24,12366.99,5%
PO-00212,Gamma_Co,16-11-2022,20-11-2022,Packaging,Delivered,1912,27.94,25.59,83,No,53421.28,4,Nov-22,4493.2,4%
PO-00213,Alpha_Inc,13-02-2023,04-03-2023,Packaging,Delivered,1772,30.72,27.76,46,No,54435.84,19,Feb-23,5245.12,3%
PO-00214,Beta_Supplies,19-11-2023,29-11-2023,Office Supplies,Delivered,1316,48.11,41.9,135,Yes,63312.76,10,Nov-23,8172.36,10%
PO-00215,Beta_Supplies,28-10-2023,,Office Supplies,Delivered,1159,59.24,58.08,,Yes,68659.16,-45227,Oct-23,1344.44,0%
PO-00216,Alpha_Inc,18-01-2023,31-01-2023,Office Supplies,Delivered,1869,69.58,67.5,31,Yes,130045.02,13,Jan-23,3887.52,2%
PO-00217,Delta_Logistics,25-03-2023,13-04-2023,Packaging,Delivered,627,46.23,42.87,,Yes,28986.21,19,Mar-23,2106.72,0%
PO-00218,Beta_Supplies,14-06-2023,16-06-2023,Raw Materials,Pending,731,56.02,54.78,70,No,40950.62,2,Jun-23,906.44,10%
PO-00219,Epsilon_Group,08-04-2023,,Office Supplies,Cancelled,606,83.07,79.22,16,Yes,50340.42,-45024,Apr-23,2333.1,3%
PO-00220,Beta_Supplies,04-05-2022,14-05-2022,Office Supplies,Delivered,1647,13.57,12.33,157,Yes,22349.79,10,May-22,2042.28,10%
PO-00221,Delta_Logistics,11-09-2022,19-09-2022,MRO,Delivered,1062,34.03,30.46,,Yes,36139.86,8,Sep-22,3791.34,0%
PO-00222,Beta_Supplies,19-08-2022,31-08-2022,Office Supplies,Delivered,695,76.8,69.76,,No,53376,12,Aug-22,4892.8,0%
PO-00223,Epsilon_Group,07-03-2022,14-03-2022,MRO,Delivered,845,91.47,86.97,,Yes,77292.15,7,Mar-22,3802.5,0%
PO-00224,Gamma_Co,13-12-2022,18-12-2022,MRO,Delivered,1101,59.13,52.51,54,Yes,65102.13,5,Dec-22,7288.62,5%
PO-00225,Gamma_Co,22-01-2022,24-01-2022,Raw Materials,Delivered,1693,57.89,49.84,88,Yes,98007.77,2,Jan-22,13628.65,5%
PO-00226,Delta_Logistics,26-08-2023,10-09-2023,Office Supplies,Cancelled,1629,21.51,19.41,250,No,35039.79,15,Aug-23,3420.9,15%
PO-00227,Delta_Logistics,22-07-2023,03-08-2023,Raw Materials,Delivered,1413,54.79,50.42,,Yes,77418.27,12,Jul-23,6174.81,0%
PO-00228,Epsilon_Group,24-08-2022,27-08-2022,Packaging,Delivered,1871,59.96,58.54,47,Yes,112185.16,3,Aug-22,2656.82,3%
PO-00229,Gamma_Co,26-08-2023,,Raw Materials,Delivered,1404,34.85,30.5,78,Yes,48929.4,-45164,Aug-23,6107.4,6%
PO-00230,Gamma_Co,14-08-2022,28-08-2022,Electronics,Delivered,1713,35.43,34.11,74,Yes,60691.59,14,Aug-22,2261.16,4%
PO-00231,Gamma_Co,08-01-2022,13-01-2022,Electronics,Delivered,1579,43.96,43.41,74,Yes,69412.84,5,Jan-22,868.45,5%
PO-00232,Gamma_Co,14-03-2022,26-03-2022,Electronics,Delivered,1421,11.92,11.72,76,Yes,16938.32,12,Mar-22,284.2,5%
PO-00233,Epsilon_Group,26-12-2023,04-01-2024,MRO,Delivered,1546,43.47,37.37,53,Yes,67204.62,9,Dec-23,9430.6,3%
PO-00234,Delta_Logistics,09-10-2023,18-10-2023,Electronics,Delivered,1304,32.08,29.36,,Yes,41832.32,9,Oct-23,3546.88,0%
PO-00235,Delta_Logistics,02-03-2022,,Raw Materials,Delivered,239,39.87,35.47,32,Yes,9528.93,-44622,Mar-22,1051.6,13%
PO-00236,Alpha_Inc,23-08-2022,,Office Supplies,Delivered,1298,21.51,20.83,,Yes,27919.98,-44796,Aug-22,882.64,0%
PO-00237,Delta_Logistics,11-03-2022,,MRO,Delivered,1458,91.05,81.56,220,Yes,132750.9,-44631,Mar-22,13836.42,15%
PO-00238,Gamma_Co,02-02-2022,13-02-2022,MRO,Delivered,1450,63.74,59.11,71,Yes,92423,11,Feb-22,6713.5,5%
PO-00239,Beta_Supplies,05-12-2022,20-12-2022,Electronics,Delivered,1356,75.03,63.86,131,Yes,101740.68,15,Dec-22,15146.52,10%
PO-00240,Gamma_Co,14-03-2022,,Packaging,Delivered,682,81.84,71.86,40,Yes,55814.88,-44634,Mar-22,6806.36,6%
PO-00241,Gamma_Co,11-06-2023,19-06-2023,Packaging,Delivered,677,59.52,55.29,39,Yes,40295.04,8,Jun-23,2863.71,6%
PO-00242,Delta_Logistics,01-09-2022,14-09-2022,Office Supplies,Delivered,1022,18.54,16.55,150,Yes,18947.88,13,Sep-22,2033.78,15%
PO-00243,Alpha_Inc,13-10-2022,,Raw Materials,Delivered,1818,60.96,57.13,41,Yes,110825.28,-44847,Oct-22,6962.94,2%
PO-00244,Epsilon_Group,17-11-2023,29-11-2023,Electronics,Delivered,1332,69.73,63.8,41,Yes,92880.36,12,Nov-23,7898.76,3%
PO-00245,Beta_Supplies,13-05-2023,26-05-2023,Raw Materials,Delivered,1432,83.26,77.67,174,Yes,119228.32,13,May-23,8004.88,12%
PO-00246,Beta_Supplies,08-08-2022,26-08-2022,Packaging,Pending,759,50.56,46.47,63,No,38375.04,18,Aug-22,3104.31,8%
PO-00247,Alpha_Inc,07-07-2023,19-07-2023,Packaging,Delivered,1529,23.42,22.44,30,Yes,35809.18,12,Jul-23,1498.42,2%
PO-00248,Gamma_Co,16-05-2022,25-05-2022,Electronics,Delivered,1484,36.25,31.8,61,Yes,53795,9,May-22,6603.8,4%
PO-00249,Epsilon_Group,08-08-2023,20-08-2023,Packaging,Delivered,698,46.73,45.61,15,Yes,32617.54,12,Aug-23,781.76,2%
PO-00250,Epsilon_Group,14-08-2023,22-08-2023,Packaging,Pending,367,74.61,71.36,13,Yes,27381.87,8,Aug-23,1192.75,4%
PO-00251,Epsilon_Group,30-04-2023,20-05-2023,Office Supplies,Partially Delivered,1750,65.97,58.34,50,Yes,115447.5,20,Apr-23,13352.5,3%
PO-00252,Delta_Logistics,06-09-2022,24-09-2022,Office Supplies,Partially Delivered,1298,43.73,37.21,,No,56761.54,18,Sep-22,8462.96,0%
PO-00253,Gamma_Co,30-04-2023,20-05-2023,Packaging,Delivered,1892,106.2,96.37,93,Yes,200930.4,20,Apr-23,18598.36,5%
PO-00254,Beta_Supplies,21-02-2023,24-02-2023,Electronics,Delivered,1307,68.71,60.64,141,Yes,89803.97,3,Feb-23,10547.49,11%
PO-00255,Beta_Supplies,14-07-2022,29-07-2022,Electronics,Delivered,733,32.29,29.01,78,Yes,23668.57,15,Jul-22,2404.24,11%
PO-00256,Gamma_Co,07-04-2022,,Packaging,Delivered,713,19.45,18.82,31,Yes,13867.85,-44658,Apr-22,449.19,4%
PO-00257,Beta_Supplies,10-04-2022,24-04-2022,Packaging,Delivered,1900,24.11,23.45,188,Yes,45809,14,Apr-22,1254,10%
PO-00258,Delta_Logistics,06-11-2023,08-11-2023,MRO,Cancelled,1447,35.67,35.07,224,No,51614.49,2,Nov-23,868.2,15%
PO-00259,Epsilon_Group,18-03-2023,,Office Supplies,Delivered,1745,26.17,22.25,55,Yes,45666.65,-45003,Mar-23,6840.4,3%
PO-00260,Beta_Supplies,29-12-2022,14-01-2023,Office Supplies,Delivered,1681,28.26,26.62,143,Yes,47505.06,16,Dec-22,2756.84,9%
PO-00261,Delta_Logistics,10-03-2023,18-03-2023,Electronics,Delivered,1545,38.15,36.96,214,Yes,58941.75,8,Mar-23,1838.55,14%
PO-00262,Epsilon_Group,25-02-2023,02-03-2023,Raw Materials,Delivered,1306,27.27,25.96,39,Yes,35614.62,5,Feb-23,1710.86,3%
PO-00263,Gamma_Co,24-04-2023,06-05-2023,Raw Materials,Delivered,1765,97.51,84.3,65,Yes,172105.15,12,Apr-23,23315.65,4%
PO-00264,Gamma_Co,25-02-2022,15-03-2022,Packaging,Cancelled,1186,17.31,16,64,Yes,20529.66,18,Feb-22,1553.66,5%
PO-00265,Delta_Logistics,21-11-2023,26-11-2023,Packaging,Delivered,1903,63.5,56.09,254,Yes,120840.5,5,Nov-23,14101.23,13%
PO-00266,Delta_Logistics,01-11-2023,05-11-2023,MRO,Delivered,1570,52.1,47.87,,No,81797,4,Nov-23,6641.1,0%
PO-00267,Delta_Logistics,24-10-2023,13-11-2023,MRO,Delivered,491,108.75,93.35,,No,53396.25,20,Oct-23,7561.4,0%
PO-00268,Beta_Supplies,11-04-2022,20-04-2022,Electronics,Partially Delivered,613,20.38,20.17,58,Yes,12492.94,9,Apr-22,128.73,9%
PO-00269,Gamma_Co,04-03-2022,16-03-2022,Raw Materials,Partially Delivered,1341,46.27,43.94,63,Yes,62048.07,12,Mar-22,3124.53,5%
PO-00270,Beta_Supplies,17-02-2023,04-03-2023,MRO,Partially Delivered,1583,103.57,89.38,164,Yes,163951.31,15,Feb-23,22462.77,10%
PO-00271,Beta_Supplies,14-12-2022,,Raw Materials,Cancelled,1880,92.73,90.78,173,Yes,174332.4,-44909,Dec-22,3666,9%
PO-00272,Epsilon_Group,22-04-2022,26-04-2022,MRO,Delivered,1459,84.79,82.72,47,Yes,123708.61,4,Apr-22,3020.13,3%
PO-00273,Delta_Logistics,12-09-2022,,Office Supplies,Delivered,1460,34.54,31.87,208,No,50428.4,-44816,Sep-22,3898.2,14%
PO-00274,Beta_Supplies,16-07-2022,28-07-2022,Packaging,Partially Delivered,1186,26.14,24.78,112,Yes,31002.04,12,Jul-22,1612.96,9%
PO-00275,Epsilon_Group,14-07-2022,23-07-2022,MRO,Pending,1686,72.28,65.21,53,Yes,121864.08,9,Jul-22,11920.02,3%
PO-00276,Alpha_Inc,04-07-2023,08-07-2023,MRO,Delivered,1698,102.07,100.69,28,Yes,173314.86,4,Jul-23,2343.24,2%
PO-00277,Epsilon_Group,05-04-2023,,Electronics,Delivered,1001,64.62,55.7,32,Yes,64684.62,-45021,Apr-23,8928.92,3%
PO-00278,Alpha_Inc,24-05-2022,27-05-2022,Office Supplies,Delivered,1154,62.67,54.11,25,Yes,72321.18,3,May-22,9878.24,2%
PO-00279,Alpha_Inc,09-03-2023,29-03-2023,Packaging,Cancelled,748,37.66,32.71,,No,28169.68,20,Mar-23,3702.6,0%
PO-00280,Alpha_Inc,07-07-2022,,Office Supplies,Delivered,162,81.63,78.76,2,Yes,13224.06,-44749,Jul-22,464.94,1%
PO-00281,Alpha_Inc,13-10-2022,24-10-2022,Packaging,Delivered,51,28.04,24.13,0,Yes,1430.04,11,Oct-22,199.41,0%
PO-00282,Delta_Logistics,19-04-2023,24-04-2023,Office Supplies,Delivered,691,42.07,39.1,106,Yes,29070.37,5,Apr-23,2052.27,15%
PO-00283,Beta_Supplies,13-09-2022,20-09-2022,Office Supplies,Delivered,269,50.22,45.75,32,No,13509.18,7,Sep-22,1202.43,12%
PO-00284,Beta_Supplies,19-03-2022,06-04-2022,Electronics,Pending,1639,56.24,55.4,147,Yes,92177.36,18,Mar-22,1376.76,9%
PO-00285,Alpha_Inc,30-03-2023,06-04-2023,Raw Materials,Delivered,904,34.04,30.06,26,Yes,30772.16,7,Mar-23,3597.92,3%
PO-00286,Beta_Supplies,18-07-2023,26-07-2023,Office Supplies,Delivered,1809,22.17,19.65,,Yes,40105.53,8,Jul-23,4558.68,0%
PO-00287,Alpha_Inc,11-04-2022,16-04-2022,Packaging,Delivered,1298,65.93,58.95,,Yes,85577.14,5,Apr-22,9060.04,0%
PO-00288,Beta_Supplies,21-02-2022,13-03-2022,Packaging,Delivered,434,36.16,34.79,41,Yes,15693.44,20,Feb-22,594.58,9%
PO-00289,Epsilon_Group,30-10-2023,04-11-2023,Electronics,Delivered,1476,68.85,65.28,43,Yes,101622.6,5,Oct-23,5269.32,3%
PO-00290,Delta_Logistics,08-07-2023,,Raw Materials,Partially Delivered,1711,26.04,24.81,290,Yes,44554.44,-45115,Jul-23,2104.53,17%
PO-00291,Gamma_Co,16-01-2022,22-01-2022,Packaging,Delivered,1203,53.3,47.68,49,Yes,64119.9,6,Jan-22,6760.86,4%
PO-00292,Alpha_Inc,06-04-2022,07-04-2022,Electronics,Delivered,1126,58.8,52.22,,Yes,66208.8,1,Apr-22,7409.08,0%
PO-00293,Epsilon_Group,31-08-2022,12-09-2022,Packaging,Delivered,1757,15.18,13.06,63,Yes,26671.26,12,Aug-22,3724.84,4%
PO-00294,Epsilon_Group,20-06-2022,28-06-2022,MRO,Delivered,779,41.3,36.28,20,Yes,32172.7,8,Jun-22,3910.58,3%
PO-00295,Delta_Logistics,21-02-2023,22-02-2023,Office Supplies,Delivered,1745,23.53,22.57,282,No,41059.85,1,Feb-23,1675.2,16%
PO-00296,Delta_Logistics,13-05-2023,15-05-2023,Raw Materials,Delivered,1783,16.96,15.8,295,Yes,30239.68,2,May-23,2068.28,17%
PO-00297,Alpha_Inc,08-05-2023,22-05-2023,Office Supplies,Partially Delivered,1489,107.02,93.3,,Yes,159352.78,14,May-23,20429.08,0%
PO-00298,Alpha_Inc,07-08-2022,10-08-2022,Office Supplies,Delivered,296,40.38,35.25,,Yes,11952.48,3,Aug-22,1518.48,0%
PO-00299,Epsilon_Group,15-02-2023,27-02-2023,MRO,Delivered,885,88.28,80.8,31,Yes,78127.8,12,Feb-23,6619.8,4%
PO-00300,Epsilon_Group,02-03-2022,06-03-2022,Raw Materials,Pending,1512,33.25,30.15,53,Yes,50274,4,Mar-22,4687.2,4%
PO-00301,Delta_Logistics,18-06-2022,26-06-2022,Office Supplies,Delivered,252,73.12,67.64,,No,18426.24,8,Jun-22,1380.96,0%
PO-00302,Alpha_Inc,24-01-2023,,Electronics,Cancelled,1257,83.13,81.89,30,Yes,104494.41,-44950,Jan-23,1558.68,2%
PO-00303,Alpha_Inc,03-01-2022,20-01-2022,Packaging,Delivered,172,63.61,55.92,4,Yes,10940.92,17,Jan-22,1322.68,2%
PO-00304,Epsilon_Group,04-02-2023,05-02-2023,Packaging,Pending,450,55.85,49.88,9,Yes,25132.5,1,Feb-23,2686.5,2%
PO-00305,Gamma_Co,29-09-2022,15-10-2022,Electronics,Delivered,816,48.95,43.42,45,Yes,39943.2,16,Sep-22,4512.48,6%
PO-00306,Epsilon_Group,11-04-2023,25-04-2023,Packaging,Delivered,343,44.5,38.57,7,Yes,15263.5,14,Apr-23,2033.99,2%
PO-00307,Gamma_Co,20-10-2022,05-11-2022,MRO,Delivered,329,97.87,85.35,21,No,32199.23,16,Oct-22,4119.08,6%
PO-00308,Alpha_Inc,10-03-2023,25-03-2023,Electronics,Delivered,1910,90.69,85.8,,Yes,173217.9,15,Mar-23,9339.9,0%
PO-00309,Epsilon_Group,15-12-2023,18-12-2023,MRO,Delivered,933,107.99,104.29,29,Yes,100754.67,3,Dec-23,3452.1,3%
PO-00310,Delta_Logistics,24-07-2023,29-07-2023,Raw Materials,Delivered,1683,23.09,21.88,253,Yes,38860.47,5,Jul-23,2036.43,15%
PO-00311,Beta_Supplies,09-11-2023,18-11-2023,Packaging,Pending,247,84.11,71.97,,Yes,20775.17,9,Nov-23,2998.58,0%
PO-00312,Alpha_Inc,14-05-2023,02-06-2023,MRO,Delivered,1031,102.01,98.65,,Yes,105172.31,19,May-23,3464.16,0%
PO-00313,Alpha_Inc,08-06-2022,19-06-2022,Packaging,Delivered,1980,26.97,24.16,41,Yes,53400.6,11,Jun-22,5563.8,2%
PO-00314,Epsilon_Group,14-07-2022,03-08-2022,Raw Materials,Delivered,1584,16.46,14.2,57,Yes,26072.64,20,Jul-22,3579.84,4%
PO-00315,Beta_Supplies,31-10-2022,15-11-2022,Office Supplies,Delivered,801,80.15,70.91,,Yes,64200.15,15,Oct-22,7401.24,0%
PO-00316,Beta_Supplies,11-08-2022,25-08-2022,Packaging,Delivered,193,63.86,57.46,,Yes,12324.98,14,Aug-22,1235.2,0%
PO-00317,Beta_Supplies,01-03-2022,05-03-2022,Raw Materials,Delivered,658,86.62,79.85,72,Yes,56995.96,4,Mar-22,4454.66,11%
PO-00318,Epsilon_Group,17-08-2023,04-09-2023,Electronics,Delivered,1274,24.72,23.36,37,Yes,31493.28,18,Aug-23,1732.64,3%
PO-00319,Epsilon_Group,10-07-2023,17-07-2023,Packaging,Partially Delivered,1197,88.92,78.82,31,Yes,106437.24,7,Jul-23,12089.7,3%
PO-00320,Gamma_Co,04-03-2022,12-03-2022,Electronics,Delivered,236,28.43,28.11,11,Yes,6709.48,8,Mar-22,75.52,5%
PO-00321,Gamma_Co,18-11-2022,03-12-2022,Raw Materials,Partially Delivered,1399,25.97,22.19,62,Yes,36332.03,15,Nov-22,5288.22,4%
PO-00322,Gamma_Co,28-02-2022,04-03-2022,Electronics,Delivered,513,24.91,22.58,29,Yes,12778.83,4,Feb-22,1195.29,6%
PO-00323,Delta_Logistics,21-02-2022,04-03-2022,MRO,Delivered,1422,83.73,76.47,198,Yes,119064.06,11,Feb-22,10323.72,14%
PO-00324,Alpha_Inc,22-08-2023,03-09-2023,Office Supplies,Delivered,1844,76.51,73.05,,Yes,141084.44,12,Aug-23,6380.24,0%
PO-00325,Gamma_Co,04-05-2023,,Electronics,Delivered,709,61.64,54.55,41,Yes,43702.76,-45050,May-23,5026.81,6%
PO-00326,Delta_Logistics,30-05-2023,15-06-2023,MRO,Delivered,813,45.68,41.78,,No,37137.84,16,May-23,3170.7,0%
PO-00327,Delta_Logistics,28-06-2023,01-07-2023,Office Supplies,Delivered,1004,96.51,92.9,146,No,96896.04,3,Jun-23,3624.44,15%
PO-00328,Epsilon_Group,11-06-2022,15-06-2022,Raw Materials,Delivered,452,46.45,40.39,9,Yes,20995.4,4,Jun-22,2739.12,2%
PO-00329,Beta_Supplies,28-02-2022,12-03-2022,Raw Materials,Pending,1419,83.91,71.46,137,Yes,119068.29,12,Feb-22,17666.55,10%
PO-00330,Beta_Supplies,05-06-2023,23-06-2023,Packaging,Delivered,1584,53.73,51.92,167,No,85108.32,18,Jun-23,2867.04,11%
PO-00331,Gamma_Co,24-03-2022,11-04-2022,MRO,Pending,196,44.36,43.81,6,Yes,8694.56,18,Mar-22,107.8,3%
PO-00332,Alpha_Inc,10-07-2022,14-07-2022,Office Supplies,Delivered,1221,53.19,46.18,29,Yes,64944.99,4,Jul-22,8559.21,2%
PO-00333,Alpha_Inc,12-03-2022,26-03-2022,Packaging,Delivered,913,37.5,36.2,,Yes,34237.5,14,Mar-22,1186.9,0%
PO-00334,Alpha_Inc,02-09-2023,04-09-2023,Packaging,Delivered,1784,85.01,76.69,37,Yes,151657.84,2,Sep-23,14842.88,2%
PO-00335,Delta_Logistics,11-03-2022,,Raw Materials,Delivered,1893,55.8,52.35,,Yes,105629.4,-44631,Mar-22,6530.85,0%
PO-00336,Delta_Logistics,23-11-2023,05-12-2023,Electronics,Pending,538,34.3,32.25,84,No,18453.4,12,Nov-23,1102.9,16%
PO-00337,Delta_Logistics,29-08-2022,15-09-2022,Office Supplies,Pending,978,94.15,87.7,149,No,92078.7,17,Aug-22,6308.1,15%
PO-00338,Epsilon_Group,18-02-2023,06-03-2023,Raw Materials,Cancelled,1713,47.45,42.05,53,Yes,81281.85,16,Feb-23,9250.2,3%
PO-00339,Delta_Logistics,03-05-2022,07-05-2022,Raw Materials,Pending,600,60.1,57.92,95,No,36060,4,May-22,1308,16%
PO-00340,Alpha_Inc,07-08-2023,25-08-2023,Electronics,Pending,387,100.28,85.54,5,Yes,38808.36,18,Aug-23,5704.38,1%
PO-00341,Alpha_Inc,10-09-2022,19-09-2022,MRO,Pending,921,68.83,59.13,22,Yes,63392.43,9,Sep-22,8933.7,2%
PO-00342,Beta_Supplies,16-08-2023,30-08-2023,MRO,Delivered,690,22.47,21.94,77,Yes,15504.3,14,Aug-23,365.7,11%
PO-00343,Alpha_Inc,01-09-2023,21-09-2023,Office Supplies,Cancelled,1852,104.04,94.89,36,Yes,192682.08,20,Sep-23,16945.8,2%
PO-00344,Delta_Logistics,10-02-2022,28-02-2022,Electronics,Delivered,522,66.83,58.01,74,Yes,34885.26,18,Feb-22,4604.04,14%
PO-00345,Delta_Logistics,27-09-2023,06-10-2023,Electronics,Delivered,200,44.16,43.13,21,Yes,8832,9,Sep-23,206,11%
PO-00346,Gamma_Co,25-03-2022,03-04-2022,Packaging,Delivered,1488,22.76,21.99,,Yes,33866.88,9,Mar-22,1145.76,0%
PO-00347,Epsilon_Group,06-03-2023,16-03-2023,Electronics,Delivered,1371,87.16,78.13,43,Yes,119496.36,10,Mar-23,12380.13,3%
PO-00348,Alpha_Inc,05-11-2023,,Office Supplies,Delivered,1684,73.05,62.53,,Yes,123016.2,-45235,Nov-23,17715.68,0%
PO-00349,Epsilon_Group,21-08-2023,27-08-2023,Electronics,Delivered,312,63.52,58.09,,Yes,19818.24,6,Aug-23,1694.16,0%
PO-00350,Alpha_Inc,02-08-2023,21-08-2023,Packaging,Cancelled,1837,99.04,86.51,39,Yes,181936.48,19,Aug-23,23017.61,2%
PO-00351,Beta_Supplies,20-06-2023,23-06-2023,MRO,Delivered,193,87.86,81.74,21,Yes,16956.98,3,Jun-23,1181.16,11%
PO-00352,Beta_Supplies,20-11-2022,21-11-2022,Electronics,Delivered,395,24.83,23.96,31,Yes,9807.85,1,Nov-22,343.65,8%
PO-00353,Epsilon_Group,25-09-2022,12-10-2022,Electronics,Cancelled,673,39.58,35.83,25,Yes,26637.34,17,Sep-22,2523.75,4%
PO-00354,Delta_Logistics,29-07-2022,12-08-2022,Office Supplies,Cancelled,1066,33.33,28.47,162,No,35529.78,14,Jul-22,5180.76,15%
PO-00355,Gamma_Co,17-11-2023,23-11-2023,Packaging,Delivered,1645,85.42,80.78,73,No,140515.9,6,Nov-23,7632.8,4%
PO-00356,Alpha_Inc,18-11-2022,29-11-2022,Electronics,Delivered,930,13.67,11.95,16,Yes,12713.1,11,Nov-22,1599.6,2%
PO-00357,Alpha_Inc,02-09-2022,21-09-2022,Office Supplies,Delivered,51,63.74,56.1,0,Yes,3250.74,19,Sep-22,389.64,0%
PO-00358,Gamma_Co,29-09-2022,01-10-2022,Packaging,Delivered,946,81.77,71.65,55,Yes,77354.42,2,Sep-22,9573.52,6%
PO-00359,Epsilon_Group,10-02-2023,02-03-2023,Raw Materials,Partially Delivered,1377,94.69,84.2,,Yes,130388.13,20,Feb-23,14444.73,0%
PO-00360,Epsilon_Group,15-05-2022,18-05-2022,Packaging,Cancelled,303,41.6,40.51,11,Yes,12604.8,3,May-22,330.27,4%
PO-00361,Alpha_Inc,19-11-2023,03-12-2023,Raw Materials,Delivered,1725,93.14,79.62,24,Yes,160666.5,14,Nov-23,23322,1%
PO-00362,Beta_Supplies,23-10-2023,07-11-2023,Raw Materials,Cancelled,502,22.05,20.65,50,No,11069.1,15,Oct-23,702.8,10%
PO-00363,Gamma_Co,04-11-2022,11-11-2022,Packaging,Delivered,1110,90.49,80.03,61,Yes,100443.9,7,Nov-22,11610.6,5%
PO-00364,Alpha_Inc,14-04-2023,18-04-2023,Packaging,Delivered,1233,23.08,20.57,,Yes,28457.64,4,Apr-23,3094.83,0%
PO-00365,Beta_Supplies,20-11-2022,24-11-2022,Office Supplies,Delivered,1064,48.04,43.6,94,Yes,51114.56,4,Nov-22,4724.16,9%
PO-00366,Epsilon_Group,16-03-2022,04-04-2022,Packaging,Partially Delivered,58,82.57,76.55,,Yes,4789.06,19,Mar-22,349.16,0%
PO-00367,Beta_Supplies,10-01-2022,20-01-2022,MRO,Delivered,1306,23.49,20.17,116,No,30677.94,10,Jan-22,4335.92,9%
PO-00368,Delta_Logistics,15-04-2023,28-04-2023,Electronics,Delivered,1172,32.93,29.28,,No,38593.96,13,Apr-23,4277.8,0%
PO-00369,Alpha_Inc,29-09-2023,,Packaging,Delivered,1732,82.5,71.71,24,Yes,142890,-45198,Sep-23,18688.28,1%
PO-00370,Gamma_Co,31-07-2023,07-08-2023,Raw Materials,Delivered,865,81.54,71.59,39,Yes,70532.1,7,Jul-23,8606.75,5%
PO-00371,Beta_Supplies,13-04-2022,20-04-2022,Raw Materials,Delivered,257,68.72,66.92,22,Yes,17661.04,7,Apr-22,462.6,9%
PO-00372,Epsilon_Group,17-03-2022,26-03-2022,Packaging,Delivered,1204,73.18,67.59,31,Yes,88108.72,9,Mar-22,6730.36,3%
PO-00373,Beta_Supplies,05-07-2023,09-07-2023,Electronics,Partially Delivered,453,64.14,60.18,51,Yes,29055.42,4,Jul-23,1793.88,11%
PO-00374,Epsilon_Group,07-08-2022,21-08-2022,Electronics,Delivered,201,33.81,32.54,3,Yes,6795.81,14,Aug-22,255.27,1%
PO-00375,Delta_Logistics,03-06-2023,16-06-2023,Office Supplies,Delivered,103,44.61,42.88,10,Yes,4594.83,13,Jun-23,178.19,10%
PO-00376,Epsilon_Group,29-09-2022,07-10-2022,Office Supplies,Delivered,1193,27.4,27.09,,Yes,32688.2,8,Sep-22,369.83,0%
PO-00377,Gamma_Co,16-05-2022,28-05-2022,Office Supplies,Partially Delivered,1746,93.6,89.81,85,Yes,163425.6,12,May-22,6617.34,5%
PO-00378,Delta_Logistics,24-12-2022,26-12-2022,Electronics,Delivered,1993,65.94,59.36,,Yes,131418.42,2,Dec-22,13113.94,0%
PO-00379,Beta_Supplies,12-03-2022,27-03-2022,Raw Materials,Delivered,677,46.54,43.11,,No,31507.58,15,Mar-22,2322.11,0%
PO-00380,Alpha_Inc,08-09-2022,,Office Supplies,Pending,636,53.64,49.23,18,Yes,34115.04,-44812,Sep-22,2804.76,3%
PO-00381,Epsilon_Group,14-01-2023,02-02-2023,Packaging,Delivered,1698,100.97,98.73,52,Yes,171447.06,19,Jan-23,3803.52,3%
PO-00382,Gamma_Co,19-10-2022,01-11-2022,Office Supplies,Delivered,1493,24.87,22.89,56,Yes,37130.91,13,Oct-22,2956.14,4%
PO-00383,Alpha_Inc,11-06-2022,25-06-2022,Packaging,Delivered,1495,64.33,58.18,26,Yes,96173.35,14,Jun-22,9194.25,2%
PO-00384,Alpha_Inc,25-03-2023,07-04-2023,Packaging,Cancelled,153,59.42,52,3,Yes,9091.26,13,Mar-23,1135.26,2%
PO-00385,Delta_Logistics,11-07-2023,22-07-2023,Raw Materials,Cancelled,1925,70.88,63.41,292,Yes,136444,11,Jul-23,14379.75,15%
PO-00386,Beta_Supplies,22-12-2023,11-01-2024,Packaging,Delivered,303,12.97,11.42,,No,3929.91,20,Dec-23,469.65,0%
PO-00387,Alpha_Inc,06-11-2022,18-11-2022,Office Supplies,Delivered,1300,92.92,90.63,,Yes,120796,12,Nov-22,2977,0%
PO-00388,Gamma_Co,19-09-2023,23-09-2023,Raw Materials,Delivered,1185,103.28,99.05,,Yes,122386.8,4,Sep-23,5012.55,0%
PO-00389,Epsilon_Group,01-11-2023,20-11-2023,Raw Materials,Delivered,559,67.56,57.98,15,Yes,37766.04,19,Nov-23,5355.22,3%
PO-00390,Epsilon_Group,26-06-2023,29-06-2023,Electronics,Pending,1546,78.88,78,38,Yes,121948.48,3,Jun-23,1360.48,2%
PO-00391,Epsilon_Group,09-01-2022,19-01-2022,Packaging,Delivered,148,93.02,85.96,4,Yes,13766.96,10,Jan-22,1044.88,3%
PO-00392,Delta_Logistics,15-11-2023,23-11-2023,Office Supplies,Delivered,202,81.75,78.26,37,No,16513.5,8,Nov-23,704.98,18%
PO-00393,Gamma_Co,22-07-2023,28-07-2023,Packaging,Delivered,1934,25.86,25.6,78,Yes,50013.24,6,Jul-23,502.84,4%
PO-00394,Alpha_Inc,03-11-2022,07-11-2022,Office Supplies,Delivered,963,64.96,64.07,20,Yes,62556.48,4,Nov-22,857.07,2%
PO-00395,Gamma_Co,11-11-2023,18-11-2023,MRO,Delivered,1969,71.71,61.96,,Yes,141196.99,7,Nov-23,19197.75,0%
PO-00396,Delta_Logistics,17-04-2022,,Electronics,Delivered,927,48.89,46.05,138,Yes,45321.03,-44668,Apr-22,2632.68,15%
PO-00397,Delta_Logistics,18-05-2022,23-05-2022,Raw Materials,Cancelled,387,77.81,69.04,67,Yes,30112.47,5,May-22,3393.99,17%
PO-00398,Beta_Supplies,28-09-2022,03-10-2022,Electronics,Delivered,1779,97.86,94.36,176,Yes,174092.94,5,Sep-22,6226.5,10%
PO-00399,Gamma_Co,29-04-2022,05-05-2022,MRO,Pending,871,94.7,92.66,46,Yes,82483.7,6,Apr-22,1776.84,5%
PO-00400,Epsilon_Group,20-04-2022,23-04-2022,Electronics,Delivered,1236,51.33,44.03,25,Yes,63443.88,3,Apr-22,9022.8,2%
PO-00401,Delta_Logistics,21-07-2023,06-08-2023,Electronics,Delivered,1793,22.01,21.78,285,Yes,39463.93,16,Jul-23,412.39,16%
PO-00402,Delta_Logistics,09-06-2022,28-06-2022,MRO,Delivered,1006,101.1,89.04,139,Yes,101706.6,19,Jun-22,12132.36,14%
PO-00403,Beta_Supplies,06-10-2022,21-10-2022,Electronics,Cancelled,1754,89.35,86.54,161,No,156719.9,15,Oct-22,4928.74,9%
PO-00404,Epsilon_Group,16-10-2022,04-11-2022,Electronics,Delivered,210,22.17,21.32,10,Yes,4655.7,19,Oct-22,178.5,5%
PO-00405,Delta_Logistics,12-09-2023,02-10-2023,MRO,Delivered,1653,102.16,91.91,217,Yes,168870.48,20,Sep-23,16943.25,13%
PO-00406,Alpha_Inc,04-08-2022,15-08-2022,MRO,Partially Delivered,850,91.38,88.41,24,Yes,77673,11,Aug-22,2524.5,3%
PO-00407,Epsilon_Group,18-12-2022,21-12-2022,Raw Materials,Delivered,447,59.81,57.92,13,Yes,26735.07,3,Dec-22,844.83,3%
PO-00408,Gamma_Co,28-07-2022,07-08-2022,Office Supplies,Delivered,1350,65.11,56.95,71,Yes,87898.5,10,Jul-22,11016,5%
PO-00409,Beta_Supplies,05-12-2023,24-12-2023,Office Supplies,Delivered,865,51.19,47.76,83,Yes,44279.35,19,Dec-23,2966.95,10%
PO-00410,Alpha_Inc,12-10-2023,29-10-2023,MRO,Delivered,1989,16.5,15.89,57,Yes,32818.5,17,Oct-23,1213.29,3%
PO-00411,Alpha_Inc,28-09-2022,13-10-2022,Office Supplies,Delivered,1577,41.77,39.58,32,Yes,65871.29,15,Sep-22,3453.63,2%
PO-00412,Gamma_Co,02-06-2023,04-06-2023,Packaging,Pending,1969,89.25,87.28,108,No,175733.25,2,Jun-23,3878.93,5%
PO-00413,Beta_Supplies,16-05-2023,26-05-2023,Packaging,Partially Delivered,1465,11.25,9.61,151,Yes,16481.25,10,May-23,2402.6,10%
PO-00414,Delta_Logistics,15-09-2022,18-09-2022,Packaging,Pending,1208,41.62,39.46,,Yes,50276.96,3,Sep-22,2609.28,0%
PO-00415,Beta_Supplies,22-02-2022,11-03-2022,Raw Materials,Delivered,1268,46.06,45.26,123,Yes,58404.08,17,Feb-22,1014.4,10%
PO-00416,Delta_Logistics,05-04-2022,24-04-2022,Office Supplies,Delivered,450,59.24,55.03,68,No,26658,19,Apr-22,1894.5,15%
PO-00417,Gamma_Co,12-10-2023,14-10-2023,Electronics,Partially Delivered,689,102.53,95.23,38,Yes,70643.17,2,Oct-23,5029.7,6%
PO-00418,Gamma_Co,10-03-2023,29-03-2023,MRO,Delivered,1106,44.05,38.6,51,Yes,48719.3,19,Mar-23,6027.7,5%
PO-00419,Alpha_Inc,11-10-2022,22-10-2022,Office Supplies,Delivered,737,43.08,42.58,21,Yes,31749.96,11,Oct-22,368.5,3%
PO-00420,Alpha_Inc,15-02-2022,04-03-2022,Raw Materials,Delivered,509,76.76,74.72,7,No,39070.84,17,Feb-22,1038.36,1%
PO-00421,Alpha_Inc,04-01-2022,06-01-2022,Electronics,Delivered,1004,50.7,46.59,27,Yes,50902.8,2,Jan-22,4126.44,3%
PO-00422,Gamma_Co,08-12-2022,19-12-2022,MRO,Pending,1956,31.88,28.48,86,Yes,62357.28,11,Dec-22,6650.4,4%
PO-00423,Delta_Logistics,14-05-2022,,Electronics,Delivered,519,51.73,47.52,81,No,26847.87,-44695,May-22,2184.99,16%
PO-00424,Gamma_Co,15-10-2023,21-10-2023,MRO,Partially Delivered,1448,25.06,21.62,84,Yes,36286.88,6,Oct-23,4981.12,6%
PO-00425,Gamma_Co,26-09-2022,11-10-2022,Packaging,Delivered,1095,26.91,23.75,53,Yes,29466.45,15,Sep-22,3460.2,5%
PO-00426,Alpha_Inc,15-06-2022,,MRO,Delivered,799,56.22,49.51,18,Yes,44919.78,-44727,Jun-22,5361.29,2%
PO-00427,Beta_Supplies,29-03-2023,18-04-2023,MRO,Partially Delivered,1743,51.04,47.15,160,Yes,88962.72,20,Mar-23,6780.27,9%
PO-00428,Alpha_Inc,19-07-2023,31-07-2023,Raw Materials,Delivered,87,100.65,85.56,1,Yes,8756.55,12,Jul-23,1312.83,1%
PO-00429,Beta_Supplies,24-12-2023,,Raw Materials,Delivered,279,47.52,46.5,28,No,13258.08,-45284,Dec-23,284.58,10%
PO-00430,Delta_Logistics,14-03-2023,25-03-2023,Raw Materials,Delivered,1438,66.61,58.5,237,Yes,95785.18,11,Mar-23,11662.18,16%
PO-00431,Delta_Logistics,29-07-2023,31-07-2023,Office Supplies,Partially Delivered,612,72.93,63.32,99,Yes,44633.16,2,Jul-23,5881.32,16%
PO-00432,Epsilon_Group,10-01-2022,21-01-2022,Packaging,Pending,487,11.18,10.63,15,Yes,5444.66,11,Jan-22,267.85,3%
PO-00433,Epsilon_Group,25-04-2022,29-04-2022,Packaging,Partially Delivered,1849,70.76,69.25,51,Yes,130835.24,4,Apr-22,2791.99,3%
PO-00434,Epsilon_Group,19-03-2022,01-04-2022,MRO,Partially Delivered,1356,26.28,25.44,47,Yes,35635.68,13,Mar-22,1139.04,3%
PO-00435,Delta_Logistics,09-12-2023,29-12-2023,Raw Materials,Delivered,76,107.59,96.33,10,Yes,8176.84,20,Dec-23,855.76,13%
PO-00436,Alpha_Inc,02-06-2022,13-06-2022,Packaging,Partially Delivered,275,23.96,20.44,,Yes,6589,11,Jun-22,968,0%
PO-00437,Alpha_Inc,13-07-2023,18-07-2023,Packaging,Delivered,1350,51.57,48.07,,Yes,69619.5,5,Jul-23,4725,0%
PO-00438,Alpha_Inc,06-02-2022,,MRO,Delivered,847,17.77,17.39,,Yes,15051.19,-44598,Feb-22,321.86,0%
PO-00439,Gamma_Co,14-01-2023,27-01-2023,MRO,Delivered,1682,105.7,101.3,94,Yes,177787.4,13,Jan-23,7400.8,6%
PO-00440,Epsilon_Group,20-08-2023,23-08-2023,Electronics,Delivered,333,60.44,58.54,8,Yes,20126.52,3,Aug-23,632.7,2%
PO-00441,Alpha_Inc,20-07-2023,02-08-2023,Electronics,Cancelled,928,69.31,67.26,20,Yes,64319.68,13,Jul-23,1902.4,2%
PO-00442,Epsilon_Group,01-06-2022,12-06-2022,MRO,Partially Delivered,1009,16.44,16.18,,Yes,16587.96,11,Jun-22,262.34,0%
PO-00443,Epsilon_Group,17-03-2023,03-04-2023,Electronics,Pending,1554,82.92,74.82,44,Yes,128857.68,17,Mar-23,12587.4,3%
PO-00444,Gamma_Co,11-05-2022,25-05-2022,Packaging,Partially Delivered,502,29.47,28.94,27,Yes,14793.94,14,May-22,266.06,5%
PO-00445,Delta_Logistics,12-02-2022,13-02-2022,MRO,Delivered,1069,91.28,82.64,,Yes,97578.32,1,Feb-22,9236.16,0%
PO-00446,Alpha_Inc,12-11-2022,18-11-2022,MRO,Pending,1902,29.89,25.83,41,Yes,56850.78,6,Nov-22,7722.12,2%
PO-00447,Gamma_Co,09-01-2023,,Raw Materials,Pending,865,28.79,25.69,47,Yes,24903.35,-44935,Jan-23,2681.5,5%
PO-00448,Delta_Logistics,10-02-2022,26-02-2022,Packaging,Partially Delivered,708,13.36,11.61,,No,9458.88,16,Feb-22,1239,0%
PO-00449,Delta_Logistics,02-01-2023,07-01-2023,Packaging,Delivered,1589,55.64,48.52,,Yes,88411.96,5,Jan-23,11313.68,0%
PO-00450,Alpha_Inc,04-08-2022,14-08-2022,Office Supplies,Delivered,596,62.96,61.88,9,Yes,37524.16,10,Aug-22,643.68,2%
PO-00451,Epsilon_Group,30-11-2023,04-12-2023,Office Supplies,Delivered,1265,17.66,16.97,34,Yes,22339.9,4,Nov-23,872.85,3%
PO-00452,Beta_Supplies,13-09-2022,01-10-2022,Raw Materials,Delivered,1122,82.99,81.7,118,No,93114.78,18,Sep-22,1447.38,11%
PO-00453,Epsilon_Group,14-11-2023,01-12-2023,Office Supplies,Delivered,1585,56.38,53.05,,Yes,89362.3,17,Nov-23,5278.05,0%
PO-00454,Epsilon_Group,16-04-2022,27-04-2022,Electronics,Delivered,66,58.05,50.76,,Yes,3831.3,11,Apr-22,481.14,0%
PO-00455,Beta_Supplies,29-12-2022,18-01-2023,MRO,Delivered,1245,52.4,51.65,118,No,65238,20,Dec-22,933.75,9%
PO-00456,Delta_Logistics,28-07-2023,10-08-2023,Electronics,Delivered,1293,50.21,47.55,,No,64921.53,13,Jul-23,3439.38,0%
PO-00457,Beta_Supplies,21-02-2023,27-02-2023,Packaging,Delivered,207,64.29,63.01,25,Yes,13308.03,6,Feb-23,264.96,12%
PO-00458,Beta_Supplies,28-09-2023,18-10-2023,Office Supplies,Delivered,526,26.37,25.32,47,Yes,13870.62,20,Sep-23,552.3,9%
PO-00459,Gamma_Co,08-06-2022,14-06-2022,Electronics,Delivered,1119,27.03,23.82,,Yes,30246.57,6,Jun-22,3591.99,0%
PO-00460,Gamma_Co,31-08-2022,02-09-2022,Packaging,Delivered,1446,90.63,84.51,77,Yes,131050.98,2,Aug-22,8849.52,5%
PO-00461,Gamma_Co,16-06-2022,24-06-2022,Office Supplies,Delivered,567,97.53,85.29,21,Yes,55299.51,8,Jun-22,6940.08,4%
PO-00462,Delta_Logistics,01-07-2022,,MRO,Delivered,148,44.91,40.1,,No,6646.68,-44743,Jul-22,711.88,0%
PO-00463,Beta_Supplies,27-02-2023,14-03-2023,MRO,Pending,1965,36.6,34.64,195,Yes,71919,15,Feb-23,3851.4,10%
PO-00464,Alpha_Inc,26-01-2022,03-02-2022,Office Supplies,Pending,1818,67.96,58.98,,Yes,123551.28,8,Jan-22,16325.64,0%
PO-00465,Beta_Supplies,03-07-2022,19-07-2022,MRO,Delivered,1110,48.19,45.88,112,Yes,53490.9,16,Jul-22,2564.1,10%
PO-00466,Delta_Logistics,07-12-2022,,Raw Materials,Delivered,329,12.96,12.74,48,Yes,4263.84,-44902,Dec-22,72.38,15%
PO-00467,Gamma_Co,26-02-2023,17-03-2023,Office Supplies,Cancelled,1422,25.62,25.18,65,Yes,36431.64,19,Feb-23,625.68,5%
PO-00468,Delta_Logistics,17-11-2023,,Raw Materials,Delivered,546,82.63,74.77,76,No,45115.98,-45247,Nov-23,4291.56,14%
PO-00469,Gamma_Co,12-09-2022,22-09-2022,Office Supplies,Partially Delivered,351,72.08,71.3,20,Yes,25300.08,10,Sep-22,273.78,6%
PO-00470,Delta_Logistics,01-10-2022,18-10-2022,Raw Materials,Partially Delivered,230,13,12.81,,No,2990,17,Oct-22,43.7,0%
PO-00471,Alpha_Inc,13-06-2022,19-06-2022,MRO,Delivered,656,30.73,26.26,17,Yes,20158.88,6,Jun-22,2932.32,3%
PO-00472,Gamma_Co,20-12-2023,09-01-2024,MRO,Delivered,1172,34.34,32.09,69,Yes,40246.48,20,Dec-23,2637,6%
PO-00473,Gamma_Co,21-04-2022,30-04-2022,Electronics,Delivered,749,71.53,70.02,41,Yes,53575.97,9,Apr-22,1130.99,5%
PO-00474,Beta_Supplies,27-01-2023,12-02-2023,Packaging,Delivered,1042,12.48,12.3,88,Yes,13004.16,16,Jan-23,187.56,8%
PO-00475,Delta_Logistics,09-02-2022,27-02-2022,Raw Materials,Delivered,1189,19.47,17.15,,No,23149.83,18,Feb-22,2758.48,0%
PO-00476,Epsilon_Group,27-04-2023,,Office Supplies,Delivered,240,88.14,81.9,4,Yes,21153.6,-45043,Apr-23,1497.6,2%
PO-00477,Epsilon_Group,16-08-2022,02-09-2022,MRO,Delivered,302,26.98,26.47,9,Yes,8147.96,17,Aug-22,154.02,3%
PO-00478,Beta_Supplies,24-07-2022,03-08-2022,MRO,Pending,1030,70.81,61.58,,No,72934.3,10,Jul-22,9506.9,0%
PO-00479,Delta_Logistics,17-04-2023,23-04-2023,Office Supplies,Delivered,977,33.79,32.25,137,Yes,33012.83,6,Apr-23,1504.58,14%
PO-00480,Alpha_Inc,25-12-2022,11-01-2023,Packaging,Delivered,1234,19.99,17.66,25,Yes,24667.66,17,Dec-22,2875.22,2%
PO-00481,Beta_Supplies,09-11-2022,23-11-2022,Office Supplies,Delivered,1329,33.48,33.06,146,Yes,44494.92,14,Nov-22,558.18,11%
PO-00482,Gamma_Co,22-08-2022,30-08-2022,Raw Materials,Delivered,1396,77.63,67.81,58,Yes,108371.48,8,Aug-22,13708.72,4%
PO-00483,Alpha_Inc,17-08-2022,29-08-2022,Raw Materials,Delivered,177,90.06,87.71,7,Yes,15940.62,12,Aug-22,415.95,4%
PO-00484,Delta_Logistics,25-01-2022,,Electronics,Delivered,67,84.72,73.06,9,Yes,5676.24,-44586,Jan-22,781.22,13%
PO-00485,Gamma_Co,07-11-2023,20-11-2023,Office Supplies,Delivered,1866,50.78,48.2,96,Yes,94755.48,13,Nov-23,4814.28,5%
PO-00486,Epsilon_Group,17-07-2022,25-07-2022,MRO,Delivered,1808,72.23,67.86,53,Yes,130591.84,8,Jul-22,7900.96,3%
PO-00487,Delta_Logistics,13-02-2023,16-02-2023,Electronics,Cancelled,615,30.3,29.52,96,Yes,18634.5,3,Feb-23,479.7,16%
PO-00488,Gamma_Co,03-12-2022,04-12-2022,Office Supplies,Pending,619,38.38,35.02,34,Yes,23757.22,1,Dec-22,2079.84,5%
PO-00489,Delta_Logistics,13-10-2022,17-10-2022,Office Supplies,Delivered,1396,94.75,84.06,210,Yes,132271,4,Oct-22,14923.24,15%
PO-00490,Gamma_Co,13-03-2022,24-03-2022,MRO,Delivered,1945,11.28,9.98,94,Yes,21939.6,11,Mar-22,2528.5,5%
PO-00491,Delta_Logistics,13-10-2022,18-10-2022,Packaging,Delivered,735,18.49,15.89,113,No,13590.15,5,Oct-22,1911,15%
PO-00492,Epsilon_Group,26-12-2022,11-01-2023,Office Supplies,Pending,1865,30.29,26.83,56,Yes,56490.85,16,Dec-22,6452.9,3%
PO-00493,Beta_Supplies,19-10-2023,24-10-2023,Electronics,Cancelled,675,13.69,11.84,52,Yes,9240.75,5,Oct-23,1248.75,8%
PO-00494,Gamma_Co,06-06-2023,22-06-2023,MRO,Pending,1361,28.57,24.29,65,Yes,38883.77,16,Jun-23,5825.08,5%
PO-00495,Gamma_Co,14-02-2023,15-02-2023,Raw Materials,Delivered,903,66.53,60.15,29,Yes,60076.59,1,Feb-23,5761.14,3%
PO-00496,Epsilon_Group,27-11-2023,,Packaging,Cancelled,1736,53.2,50.68,48,Yes,92355.2,-45257,Nov-23,4374.72,3%
PO-00497,Beta_Supplies,04-07-2023,11-07-2023,MRO,Delivered,1011,98.47,97.06,91,Yes,99553.17,7,Jul-23,1425.51,9%
PO-00498,Delta_Logistics,06-12-2022,24-12-2022,Electronics,Delivered,1712,88.17,85.86,246,Yes,150947.04,18,Dec-22,3954.72,14%
PO-00499,Gamma_Co,29-01-2022,,Office Supplies,Delivered,204,40.76,37.46,10,Yes,8315.04,-44590,Jan-22,673.2,5%
PO-00500,Beta_Supplies,29-04-2022,13-05-2022,Electronics,Partially Delivered,539,33.85,30.57,34,No,18245.15,14,Apr-22,1767.92,6%
PO-00501,Delta_Logistics,25-09-2022,05-10-2022,Office Supplies,Delivered,1459,45.94,42.56,212,No,67026.46,10,Sep-22,4931.42,15%
PO-00502,Gamma_Co,02-07-2022,06-07-2022,MRO,Delivered,834,65.02,56.19,,Yes,54226.68,4,Jul-22,7364.22,0%
PO-00503,Gamma_Co,18-08-2023,01-09-2023,Packaging,Partially Delivered,1177,37.37,34.27,60,Yes,43984.49,14,Aug-23,3648.7,5%
PO-00504,Delta_Logistics,29-09-2022,19-10-2022,MRO,Delivered,1466,68.82,66.82,211,Yes,100890.12,20,Sep-22,2932,14%
PO-00505,Epsilon_Group,09-02-2022,13-02-2022,Electronics,Delivered,1884,47.08,44.31,54,Yes,88698.72,4,Feb-22,5218.68,3%
PO-00506,Beta_Supplies,22-04-2022,08-05-2022,Electronics,Delivered,295,60.58,57.32,31,Yes,17871.1,16,Apr-22,961.7,11%
PO-00507,Gamma_Co,03-09-2023,04-09-2023,Raw Materials,Delivered,1249,54.18,47.29,59,Yes,67670.82,1,Sep-23,8605.61,5%
PO-00508,Delta_Logistics,21-03-2023,09-04-2023,Raw Materials,Delivered,1112,39.06,33.6,184,No,43434.72,19,Mar-23,6071.52,17%
PO-00509,Gamma_Co,20-12-2022,25-12-2022,Office Supplies,Delivered,1550,100.61,97.43,66,Yes,155945.5,5,Dec-22,4929,4%
PO-00510,Delta_Logistics,18-11-2022,19-11-2022,Electronics,Delivered,1755,82.66,73.67,258,No,145068.3,1,Nov-22,15777.45,15%
PO-00511,Gamma_Co,23-03-2023,31-03-2023,Raw Materials,Delivered,808,24.19,21.64,39,Yes,19545.52,8,Mar-23,2060.4,5%
PO-00512,Alpha_Inc,13-09-2023,19-09-2023,Raw Materials,Partially Delivered,587,96.98,95.35,14,Yes,56927.26,6,Sep-23,956.81,2%
PO-00513,Epsilon_Group,08-06-2023,11-06-2023,MRO,Delivered,1940,58.45,50.29,54,Yes,113393,3,Jun-23,15830.4,3%
PO-00514,Beta_Supplies,29-04-2022,11-05-2022,Office Supplies,Cancelled,1891,91.87,80.28,158,Yes,173726.17,12,Apr-22,21916.69,8%
PO-00515,Epsilon_Group,30-01-2023,16-02-2023,Packaging,Delivered,970,86.91,78.44,18,Yes,84302.7,17,Jan-23,8215.9,2%
PO-00516,Epsilon_Group,14-08-2023,31-08-2023,MRO,Delivered,457,52.85,50.34,16,Yes,24152.45,17,Aug-23,1147.07,4%
PO-00517,Beta_Supplies,14-07-2022,27-07-2022,Office Supplies,Cancelled,574,12.38,11.47,,No,7106.12,13,Jul-22,522.34,0%
PO-00518,Epsilon_Group,18-09-2022,20-09-2022,Office Supplies,Delivered,877,35.55,34.69,24,Yes,31177.35,2,Sep-22,754.22,3%
PO-00519,Alpha_Inc,15-02-2022,27-02-2022,MRO,Delivered,1579,59.04,50.95,29,Yes,93224.16,12,Feb-22,12774.11,2%
PO-00520,Delta_Logistics,27-12-2023,28-12-2023,Raw Materials,Delivered,952,74.72,69.73,,Yes,71133.44,1,Dec-23,4750.48,0%
PO-00521,Beta_Supplies,23-03-2023,26-03-2023,Raw Materials,Pending,1898,35.53,33.25,187,Yes,67435.94,3,Mar-23,4327.44,10%
PO-00522,Delta_Logistics,02-01-2022,06-01-2022,Packaging,Delivered,85,22.54,20.68,6,Yes,1915.9,4,Jan-22,158.1,7%
PO-00523,Gamma_Co,17-06-2023,28-06-2023,Packaging,Pending,734,92.38,78.92,34,No,67806.92,11,Jun-23,9879.64,5%
PO-00524,Alpha_Inc,06-07-2023,18-07-2023,Office Supplies,Delivered,69,107.47,105.53,,Yes,7415.43,12,Jul-23,133.86,0%
PO-00525,Delta_Logistics,05-12-2023,11-12-2023,Packaging,Delivered,370,63.9,55.79,59,Yes,23643,6,Dec-23,3000.7,16%
PO-00526,Delta_Logistics,18-11-2023,03-12-2023,MRO,Delivered,1849,28.25,27.53,271,Yes,52234.25,15,Nov-23,1331.28,15%
PO-00527,Beta_Supplies,21-07-2022,,Packaging,Delivered,561,35.54,30.99,68,No,19937.94,-44763,Jul-22,2552.55,12%
PO-00528,Gamma_Co,08-01-2023,14-01-2023,Electronics,Delivered,449,12.35,10.67,29,Yes,5545.15,6,Jan-23,754.32,6%
PO-00529,Beta_Supplies,18-03-2023,21-03-2023,Office Supplies,Delivered,703,98.75,86.78,59,Yes,69421.25,3,Mar-23,8414.91,8%
PO-00530,Gamma_Co,13-03-2022,28-03-2022,Electronics,Delivered,1021,20.8,18.23,37,Yes,21236.8,15,Mar-22,2623.97,4%
PO-00531,Beta_Supplies,12-11-2023,19-11-2023,Office Supplies,Delivered,1956,68.69,65.09,,Yes,134357.64,7,Nov-23,7041.6,0%
PO-00532,Delta_Logistics,05-12-2022,12-12-2022,Office Supplies,Partially Delivered,520,36.57,34.78,67,No,19016.4,7,Dec-22,930.8,13%
PO-00533,Delta_Logistics,01-10-2023,12-10-2023,MRO,Delivered,1216,66.16,63,179,No,80450.56,11,Oct-23,3842.56,15%
PO-00534,Alpha_Inc,18-11-2022,,Raw Materials,Delivered,1165,72.06,63.93,,Yes,83949.9,-44883,Nov-22,9471.45,0%
PO-00535,Delta_Logistics,11-11-2023,29-11-2023,Packaging,Pending,1427,93.99,83.6,213,Yes,134123.73,18,Nov-23,14826.53,15%
PO-00536,Epsilon_Group,08-05-2022,10-05-2022,Electronics,Delivered,883,29.15,25.75,14,Yes,25739.45,2,May-22,3002.2,2%
PO-00537,Delta_Logistics,04-11-2022,11-11-2022,Packaging,Partially Delivered,1873,11.54,9.89,284,No,21614.42,7,Nov-22,3090.45,15%
PO-00538,Epsilon_Group,04-06-2023,06-06-2023,Office Supplies,Delivered,776,24.22,22.53,27,Yes,18794.72,2,Jun-23,1311.44,3%
PO-00539,Delta_Logistics,13-11-2022,24-11-2022,Electronics,Delivered,903,95.55,92.45,149,No,86281.65,11,Nov-22,2799.3,17%
PO-00540,Epsilon_Group,14-11-2023,26-11-2023,Electronics,Delivered,100,98.4,85.76,3,Yes,9840,12,Nov-23,1264,3%
PO-00541,Epsilon_Group,23-02-2023,08-03-2023,Office Supplies,Delivered,1738,67.91,61.15,,Yes,118027.58,13,Feb-23,11748.88,0%
PO-00542,Delta_Logistics,01-12-2022,14-12-2022,Packaging,Delivered,1771,67.57,61.48,280,No,119666.47,13,Dec-22,10785.39,16%
PO-00543,Epsilon_Group,17-02-2023,23-02-2023,Electronics,Delivered,624,74.39,66.3,18,No,46419.36,6,Feb-23,5048.16,3%
PO-00544,Alpha_Inc,15-12-2023,31-12-2023,Packaging,Partially Delivered,1263,28.75,27.1,26,Yes,36311.25,16,Dec-23,2083.95,2%
PO-00545,Gamma_Co,30-10-2022,16-11-2022,Electronics,Cancelled,1198,96.45,90.09,,Yes,115547.1,17,Oct-22,7619.28,0%
PO-00546,Epsilon_Group,22-07-2023,25-07-2023,Raw Materials,Delivered,199,51.98,45.64,,No,10344.02,3,Jul-23,1261.66,0%
PO-00547,Epsilon_Group,11-05-2022,14-05-2022,MRO,Pending,363,45.37,38.73,,Yes,16469.31,3,May-22,2410.32,0%
PO-00548,Alpha_Inc,16-07-2022,22-07-2022,Office Supplies,Delivered,619,58.4,51.04,,Yes,36149.6,6,Jul-22,4555.84,0%
PO-00549,Alpha_Inc,07-03-2023,18-03-2023,MRO,Delivered,1415,15.22,13.56,30,Yes,21536.3,11,Mar-23,2348.9,2%
PO-00550,Beta_Supplies,12-11-2023,23-11-2023,Packaging,Delivered,354,27.71,23.87,39,No,9809.34,11,Nov-23,1359.36,11%
PO-00551,Gamma_Co,24-01-2023,03-02-2023,MRO,Delivered,1765,81.01,78.43,78,Yes,142982.65,10,Jan-23,4553.7,4%
PO-00552,Beta_Supplies,25-11-2023,09-12-2023,MRO,Delivered,731,19.37,17.3,69,No,14159.47,14,Nov-23,1513.17,9%
PO-00553,Epsilon_Group,28-06-2022,13-07-2022,MRO,Delivered,887,65.89,59.67,29,Yes,58444.43,15,Jun-22,5517.14,3%
PO-00554,Alpha_Inc,23-09-2023,25-09-2023,MRO,Delivered,1856,35.29,32.41,26,Yes,65498.24,2,Sep-23,5345.28,1%
PO-00555,Epsilon_Group,06-08-2023,18-08-2023,Office Supplies,Delivered,1127,49.32,46.49,30,Yes,55583.64,12,Aug-23,3189.41,3%
PO-00556,Delta_Logistics,05-11-2022,19-11-2022,Raw Materials,Delivered,1052,37.78,32.6,162,Yes,39744.56,14,Nov-22,5449.36,15%
PO-00557,Gamma_Co,20-02-2023,22-02-2023,Raw Materials,Delivered,493,44.74,41.44,24,No,22056.82,2,Feb-23,1626.9,5%
PO-00558,Delta_Logistics,16-07-2023,29-07-2023,MRO,Partially Delivered,662,81.44,71.33,87,Yes,53913.28,13,Jul-23,6692.82,13%
PO-00559,Alpha_Inc,01-01-2022,07-01-2022,Raw Materials,Delivered,1042,36.74,35.78,33,Yes,38283.08,6,Jan-22,1000.32,3%
PO-00560,Alpha_Inc,08-11-2022,,Raw Materials,Delivered,313,64.03,57.74,1,Yes,20041.39,-44873,Nov-22,1968.77,0%
PO-00561,Alpha_Inc,21-10-2022,10-11-2022,Office Supplies,Delivered,1126,55.22,50.38,,Yes,62177.72,20,Oct-22,5449.84,0%
PO-00562,Gamma_Co,04-08-2022,19-08-2022,MRO,Delivered,1645,72.17,64,79,Yes,118719.65,15,Aug-22,13439.65,5%
PO-00563,Beta_Supplies,17-03-2023,20-03-2023,Packaging,Delivered,1053,100.92,92.35,104,Yes,106268.76,3,Mar-23,9024.21,10%
PO-00564,Epsilon_Group,17-08-2023,29-08-2023,MRO,Delivered,1693,83.14,73.3,62,Yes,140756.02,12,Aug-23,16659.12,4%
PO-00565,Epsilon_Group,14-09-2023,03-10-2023,Raw Materials,Pending,54,32.28,28.65,3,Yes,1743.12,19,Sep-23,196.02,6%
PO-00566,Epsilon_Group,02-11-2023,07-11-2023,Packaging,Delivered,1176,14.22,12.21,33,Yes,16722.72,5,Nov-23,2363.76,3%
PO-00567,Epsilon_Group,26-11-2022,08-12-2022,Raw Materials,Delivered,1269,35.28,33.7,35,Yes,44770.32,12,Nov-22,2005.02,3%
PO-00568,Epsilon_Group,22-04-2023,25-04-2023,Raw Materials,Delivered,823,68.32,64.46,19,Yes,56227.36,3,Apr-23,3176.78,2%
PO-00569,Beta_Supplies,29-03-2023,15-04-2023,Electronics,Delivered,926,15.65,13.49,94,No,14491.9,17,Mar-23,2000.16,10%
PO-00570,Delta_Logistics,29-03-2023,09-04-2023,Electronics,Cancelled,1041,58.5,52.54,170,No,60898.5,11,Mar-23,6204.36,16%
PO-00571,Gamma_Co,23-11-2023,01-12-2023,Electronics,Pending,933,70.72,65.47,42,Yes,65981.76,8,Nov-23,4898.25,5%
PO-00572,Delta_Logistics,07-08-2022,,Raw Materials,Delivered,1423,41.48,40.9,199,Yes,59026.04,-44780,Aug-22,825.34,14%
PO-00573,Delta_Logistics,08-06-2023,14-06-2023,MRO,Delivered,96,86.13,80.32,12,No,8268.48,6,Jun-23,557.76,13%
PO-00574,Epsilon_Group,30-04-2023,13-05-2023,MRO,Delivered,916,21.06,19.53,25,Yes,19290.96,13,Apr-23,1401.48,3%
PO-00575,Epsilon_Group,23-06-2022,,Raw Materials,Delivered,872,17.18,16.63,20,Yes,14980.96,-44735,Jun-22,479.6,2%
PO-00576,Beta_Supplies,06-11-2023,15-11-2023,Electronics,Delivered,985,83.85,80.88,,No,82592.25,9,Nov-23,2925.45,0%
PO-00577,Gamma_Co,28-03-2022,04-04-2022,Raw Materials,Delivered,1893,55.14,50.1,98,Yes,104380.02,7,Mar-22,9540.72,5%
PO-00578,Alpha_Inc,18-10-2022,,MRO,Delivered,705,75.19,69.55,19,Yes,53008.95,-44852,Oct-22,3976.2,3%
PO-00579,Delta_Logistics,12-06-2023,28-06-2023,MRO,Delivered,318,53.31,51.78,,No,16952.58,16,Jun-23,486.54,0%
PO-00580,Alpha_Inc,11-11-2023,16-11-2023,Office Supplies,Pending,419,35.72,32.74,7,Yes,14966.68,5,Nov-23,1248.62,2%
PO-00581,Gamma_Co,11-10-2023,26-10-2023,MRO,Delivered,685,92.51,90.05,38,Yes,63369.35,15,Oct-23,1685.1,6%
PO-00582,Delta_Logistics,27-09-2023,12-10-2023,Office Supplies,Partially Delivered,1179,90.14,82.63,194,Yes,106275.06,15,Sep-23,8854.29,16%
PO-00583,Alpha_Inc,10-12-2022,,Raw Materials,Delivered,1743,76.51,65.88,40,Yes,133356.93,-44905,Dec-22,18528.09,2%
PO-00584,Alpha_Inc,06-04-2022,17-04-2022,MRO,Delivered,1732,35.01,34.18,40,Yes,60637.32,11,Apr-22,1437.56,2%
PO-00585,Beta_Supplies,29-08-2022,01-09-2022,Office Supplies,Delivered,706,65.33,62.06,60,No,46122.98,3,Aug-22,2308.62,8%
PO-00586,Gamma_Co,20-11-2023,30-11-2023,MRO,Cancelled,169,47.16,43.4,,Yes,7970.04,10,Nov-23,635.44,0%
PO-00587,Gamma_Co,14-11-2022,20-11-2022,Office Supplies,Pending,880,19.15,18.69,,No,16852,6,Nov-22,404.8,0%
PO-00588,Gamma_Co,19-08-2022,25-08-2022,MRO,Delivered,1860,95.8,92.17,105,No,178188,6,Aug-22,6751.8,6%
PO-00589,Delta_Logistics,23-07-2022,09-08-2022,MRO,Delivered,1677,22.98,21.71,246,Yes,38537.46,17,Jul-22,2129.79,15%
PO-00590,Beta_Supplies,31-05-2022,07-06-2022,Packaging,Partially Delivered,1131,97.43,91.28,103,Yes,110193.33,7,May-22,6955.65,9%
PO-00591,Epsilon_Group,26-01-2022,03-02-2022,Raw Materials,Cancelled,1419,50.14,43.46,,Yes,71148.66,8,Jan-22,9478.92,0%
PO-00592,Delta_Logistics,17-02-2022,18-02-2022,Raw Materials,Pending,790,26.8,25.62,115,Yes,21172,1,Feb-22,932.2,15%
PO-00593,Gamma_Co,08-09-2022,27-09-2022,MRO,Pending,1547,61.12,53.43,77,Yes,94552.64,19,Sep-22,11896.43,5%
PO-00594,Delta_Logistics,02-05-2023,20-05-2023,Office Supplies,Cancelled,166,95.65,94.48,23,Yes,15877.9,18,May-23,194.22,14%
PO-00595,Alpha_Inc,18-09-2023,21-09-2023,Electronics,Delivered,1903,83.49,82.33,43,Yes,158881.47,3,Sep-23,2207.48,2%
PO-00596,Delta_Logistics,16-03-2022,29-03-2022,Office Supplies,Partially Delivered,840,83.42,80.35,153,Yes,70072.8,13,Mar-22,2578.8,18%
PO-00597,Delta_Logistics,12-04-2023,,MRO,Delivered,1200,74.49,64.63,161,Yes,89388,-45028,Apr-23,11832,13%
PO-00598,Gamma_Co,01-03-2023,18-03-2023,Raw Materials,Delivered,1466,77.37,70.35,72,Yes,113424.42,17,Mar-23,10291.32,5%
PO-00599,Alpha_Inc,07-10-2023,21-10-2023,Office Supplies,Delivered,1981,95.5,94.39,49,Yes,189185.5,14,Oct-23,2198.91,2%
PO-00600,Gamma_Co,13-08-2023,16-08-2023,Packaging,Delivered,1062,35.55,32.38,,Yes,37754.1,3,Aug-23,3366.54,0%
PO-00601,Alpha_Inc,19-07-2022,30-07-2022,MRO,Delivered,1714,55.67,55.09,42,Yes,95418.38,11,Jul-22,994.12,2%
PO-00602,Alpha_Inc,15-12-2023,30-12-2023,Office Supplies,Delivered,1131,33.35,31.28,23,Yes,37718.85,15,Dec-23,2341.17,2%
PO-00603,Alpha_Inc,29-01-2023,15-02-2023,Office Supplies,Delivered,683,104.82,101.34,,Yes,71592.06,17,Jan-23,2376.84,0%
PO-00604,Gamma_Co,22-05-2023,09-06-2023,Packaging,Partially Delivered,562,102.56,90.88,38,Yes,57638.72,18,May-23,6564.16,7%
PO-00605,Alpha_Inc,14-02-2023,20-02-2023,Electronics,Delivered,1824,14.43,14.11,36,Yes,26320.32,6,Feb-23,583.68,2%
PO-00606,Beta_Supplies,07-09-2022,12-09-2022,Electronics,Partially Delivered,851,76.44,74.76,91,Yes,65050.44,5,Sep-22,1429.68,11%
PO-00607,Beta_Supplies,01-06-2022,03-06-2022,Office Supplies,Delivered,1169,95.6,82.16,103,Yes,111756.4,2,Jun-22,15711.36,9%
PO-00608,Epsilon_Group,03-11-2023,20-11-2023,MRO,Delivered,1711,29.14,26.35,48,Yes,49858.54,17,Nov-23,4773.69,3%
PO-00609,Beta_Supplies,06-12-2023,12-12-2023,Packaging,Pending,1191,68.14,61.71,112,Yes,81154.74,6,Dec-23,7658.13,9%
PO-00610,Epsilon_Group,06-01-2022,14-01-2022,Electronics,Delivered,609,92.39,82.75,29,Yes,56265.51,8,Jan-22,5870.76,5%
PO-00611,Beta_Supplies,20-04-2022,07-05-2022,Office Supplies,Delivered,1674,13.25,11.77,181,Yes,22180.5,17,Apr-22,2477.52,11%
PO-00612,Gamma_Co,12-03-2023,15-03-2023,MRO,Delivered,537,77.86,71.18,20,Yes,41810.82,3,Mar-23,3587.16,4%
PO-00613,Epsilon_Group,13-08-2022,31-08-2022,Electronics,Delivered,1310,38.05,37,45,Yes,49845.5,18,Aug-22,1375.5,3%
PO-00614,Delta_Logistics,30-06-2022,10-07-2022,Raw Materials,Delivered,1958,95.53,91.72,308,Yes,187047.74,10,Jun-22,7459.98,16%
PO-00615,Delta_Logistics,14-12-2023,17-12-2023,Office Supplies,Delivered,946,108.6,101.78,146,Yes,102735.6,3,Dec-23,6451.72,15%
PO-00616,Beta_Supplies,15-06-2023,21-06-2023,Packaging,Partially Delivered,1345,103.06,95.14,,Yes,138615.7,6,Jun-23,10652.4,0%
PO-00617,Delta_Logistics,21-04-2023,10-05-2023,MRO,Delivered,1262,56.63,51.46,,No,71467.06,19,Apr-23,6524.54,0%
PO-00618,Beta_Supplies,21-02-2022,13-03-2022,Office Supplies,Pending,753,88.02,79.92,75,Yes,66279.06,20,Feb-22,6099.3,10%
PO-00619,Beta_Supplies,25-07-2023,14-08-2023,Electronics,Delivered,1520,93.75,81.63,149,Yes,142500,20,Jul-23,18422.4,10%
PO-00620,Delta_Logistics,13-09-2022,02-10-2022,Office Supplies,Delivered,630,40.27,37.54,76,Yes,25370.1,19,Sep-22,1719.9,12%
PO-00621,Delta_Logistics,05-05-2022,06-05-2022,Office Supplies,Delivered,839,86.29,82.51,110,Yes,72397.31,1,May-22,3171.42,13%
PO-00622,Alpha_Inc,13-04-2023,02-05-2023,Electronics,Delivered,910,14.33,14.07,27,Yes,13040.3,19,Apr-23,236.6,3%
PO-00623,Epsilon_Group,17-05-2022,24-05-2022,Raw Materials,Delivered,296,64.94,63.61,,Yes,19222.24,7,May-22,393.68,0%
PO-00624,Beta_Supplies,21-04-2023,05-05-2023,MRO,Delivered,1149,33,30.65,141,Yes,37917,14,Apr-23,2700.15,12%
PO-00625,Delta_Logistics,15-11-2023,16-11-2023,Electronics,Delivered,203,23.14,20,,No,4697.42,1,Nov-23,637.42,0%
PO-00626,Epsilon_Group,28-06-2023,16-07-2023,Office Supplies,Delivered,1729,18.36,16.34,47,Yes,31744.44,18,Jun-23,3492.58,3%
PO-00627,Delta_Logistics,27-07-2023,06-08-2023,Office Supplies,Delivered,1508,79.21,73.27,226,Yes,119448.68,10,Jul-23,8957.52,15%
PO-00628,Delta_Logistics,02-09-2023,15-09-2023,Packaging,Partially Delivered,1046,44.65,40.1,165,No,46703.9,13,Sep-23,4759.3,16%
PO-00629,Alpha_Inc,21-11-2022,24-11-2022,Office Supplies,Delivered,1159,78.99,71.69,14,Yes,91549.41,3,Nov-22,8460.7,1%
PO-00630,Beta_Supplies,30-03-2023,05-04-2023,Electronics,Delivered,746,16.99,15.35,69,No,12674.54,6,Mar-23,1223.44,9%
PO-00631,Beta_Supplies,20-09-2023,06-10-2023,Packaging,Delivered,1358,42.21,38.75,128,Yes,57321.18,16,Sep-23,4698.68,9%
PO-00632,Gamma_Co,01-06-2023,12-06-2023,Office Supplies,Delivered,1293,63.53,59.42,79,Yes,82144.29,11,Jun-23,5314.23,6%
PO-00633,Alpha_Inc,13-03-2023,24-03-2023,Electronics,Delivered,1142,86.85,74.28,30,Yes,99182.7,11,Mar-23,14354.94,3%
PO-00634,Epsilon_Group,16-07-2023,27-07-2023,MRO,Delivered,1120,42.17,37.47,33,Yes,47230.4,11,Jul-23,5264,3%
PO-00635,Alpha_Inc,02-04-2023,14-04-2023,MRO,Delivered,1058,71.3,62.04,,Yes,75435.4,12,Apr-23,9797.08,0%
PO-00636,Epsilon_Group,12-06-2022,,Office Supplies,Delivered,143,91.98,86.02,5,Yes,13153.14,-44724,Jun-22,852.28,3%
PO-00637,Beta_Supplies,02-05-2023,14-05-2023,MRO,Delivered,1823,70.66,66.92,202,Yes,128813.18,12,May-23,6818.02,11%
PO-00638,Gamma_Co,06-04-2023,10-04-2023,Office Supplies,Delivered,1007,33.29,28.48,49,Yes,33523.03,4,Apr-23,4843.67,5%
PO-00639,Gamma_Co,23-09-2022,08-10-2022,Packaging,Delivered,1061,12.68,12.36,56,No,13453.48,15,Sep-22,339.52,5%
PO-00640,Beta_Supplies,11-09-2022,26-09-2022,MRO,Pending,502,91.84,82.33,,Yes,46103.68,15,Sep-22,4774.02,0%
PO-00641,Delta_Logistics,15-10-2023,19-10-2023,Packaging,Delivered,1277,13.17,11.63,199,No,16818.09,4,Oct-23,1966.58,16%
PO-00642,Alpha_Inc,11-10-2022,24-10-2022,Packaging,Delivered,961,92.72,88.49,22,Yes,89103.92,13,Oct-22,4065.03,2%
PO-00643,Gamma_Co,18-06-2023,02-07-2023,Packaging,Delivered,267,62.5,61.18,17,Yes,16687.5,14,Jun-23,352.44,6%
PO-00644,Delta_Logistics,12-05-2023,18-05-2023,Raw Materials,Cancelled,523,102.08,99.59,,Yes,53387.84,6,May-23,1302.27,0%
PO-00645,Epsilon_Group,04-10-2023,23-10-2023,Electronics,Pending,481,90.49,77.17,,Yes,43525.69,19,Oct-23,6406.92,0%
PO-00646,Gamma_Co,02-09-2022,09-09-2022,Office Supplies,Delivered,390,103.81,100.12,20,Yes,40485.9,7,Sep-22,1439.1,5%
PO-00647,Epsilon_Group,09-10-2022,25-10-2022,Packaging,Delivered,600,43.43,38.76,22,Yes,26058,16,Oct-22,2802,4%
PO-00648,Delta_Logistics,27-03-2023,,Office Supplies,Delivered,1685,84.58,75.21,253,No,142517.3,-45012,Mar-23,15788.45,15%
PO-00649,Epsilon_Group,21-03-2022,31-03-2022,Packaging,Cancelled,1362,46.64,42.85,33,Yes,63523.68,10,Mar-22,5161.98,2%
PO-00650,Delta_Logistics,01-01-2024,04-01-2024,Electronics,Pending,1327,59.57,56.44,169,Yes,79049.39,3,Jan-24,4153.51,13%
PO-00651,Epsilon_Group,20-10-2022,,MRO,Delivered,1807,69.47,60,50,Yes,125532.29,-44854,Oct-22,17112.29,3%
PO-00652,Alpha_Inc,29-08-2022,06-09-2022,Office Supplies,Pending,406,91.73,89.13,,Yes,37242.38,8,Aug-22,1055.6,0%
PO-00653,Gamma_Co,06-10-2022,18-10-2022,Raw Materials,Partially Delivered,72,103,89.49,1,No,7416,12,Oct-22,972.72,1%
PO-00654,Gamma_Co,10-12-2022,20-12-2022,Office Supplies,Delivered,1835,83.5,82.36,85,No,153222.5,10,Dec-22,2091.9,5%
PO-00655,Delta_Logistics,24-11-2022,10-12-2022,Electronics,Pending,571,49.98,45.58,,No,28538.58,16,Nov-22,2512.4,0%
PO-00656,Epsilon_Group,08-07-2023,09-07-2023,Packaging,Delivered,1831,52.24,50.44,60,Yes,95651.44,1,Jul-23,3295.8,3%
PO-00657,Beta_Supplies,24-03-2022,07-04-2022,Office Supplies,Pending,1910,77.15,68.49,170,Yes,147356.5,14,Mar-22,16540.6,9%
PO-00658,Gamma_Co,22-05-2022,31-05-2022,Electronics,Partially Delivered,1173,32.12,29.18,,Yes,37676.76,9,May-22,3448.62,0%
PO-00659,Epsilon_Group,04-06-2022,17-06-2022,Packaging,Partially Delivered,851,20.44,19.22,22,Yes,17394.44,13,Jun-22,1038.22,3%
PO-00660,Epsilon_Group,25-08-2022,07-09-2022,MRO,Cancelled,1253,43.38,38.01,34,Yes,54355.14,13,Aug-22,6728.61,3%
PO-00661,Alpha_Inc,28-01-2023,15-02-2023,Electronics,Delivered,1296,38,33.42,33,Yes,49248,18,Jan-23,5935.68,3%
PO-00662,Beta_Supplies,12-12-2023,30-12-2023,Raw Materials,Delivered,1979,40.88,39.46,221,Yes,80901.52,18,Dec-23,2810.18,11%
PO-00663,Gamma_Co,06-06-2022,19-06-2022,Office Supplies,Delivered,811,31.8,30.33,58,Yes,25789.8,13,Jun-22,1192.17,7%
PO-00664,Alpha_Inc,25-12-2023,12-01-2024,Electronics,Delivered,1732,15.37,14.7,38,Yes,26620.84,18,Dec-23,1160.44,2%
PO-00665,Beta_Supplies,08-08-2022,28-08-2022,Packaging,Delivered,491,12.01,11.67,47,Yes,5896.91,20,Aug-22,166.94,10%
PO-00666,Gamma_Co,07-03-2022,11-03-2022,Packaging,Cancelled,1681,99.88,96.38,90,Yes,167898.28,4,Mar-22,5883.5,5%
PO-00667,Alpha_Inc,01-03-2023,05-03-2023,Raw Materials,Partially Delivered,818,51.89,47.85,12,Yes,42446.02,4,Mar-23,3304.72,1%
PO-00668,Beta_Supplies,22-02-2023,05-03-2023,Office Supplies,Delivered,1065,47.49,41.42,113,Yes,50576.85,11,Feb-23,6464.55,11%
PO-00669,Gamma_Co,05-12-2022,17-12-2022,Packaging,Delivered,1398,75.08,67.09,57,Yes,104961.84,12,Dec-22,11170.02,4%
PO-00670,Beta_Supplies,10-07-2023,17-07-2023,Packaging,Delivered,565,32.31,29.76,60,Yes,18255.15,7,Jul-23,1440.75,11%
PO-00671,Epsilon_Group,23-04-2023,06-05-2023,Packaging,Pending,1089,102.66,89.21,33,Yes,111796.74,13,Apr-23,14647.05,3%
PO-00672,Delta_Logistics,02-03-2023,04-03-2023,Electronics,Delivered,841,86.43,83.77,125,No,72687.63,2,Mar-23,2237.06,15%
PO-00673,Delta_Logistics,05-03-2022,16-03-2022,Electronics,Delivered,385,18.23,17.74,,Yes,7018.55,11,Mar-22,188.65,0%
PO-00674,Epsilon_Group,31-07-2022,17-08-2022,Office Supplies,Delivered,1832,49.01,41.86,52,Yes,89786.32,17,Jul-22,13098.8,3%
PO-00675,Beta_Supplies,07-03-2023,27-03-2023,Raw Materials,Delivered,307,95.36,83.63,29,Yes,29275.52,20,Mar-23,3601.11,9%
PO-00676,Epsilon_Group,03-02-2023,08-02-2023,Office Supplies,Delivered,546,101.2,97.82,21,Yes,55255.2,5,Feb-23,1845.48,4%
PO-00677,Delta_Logistics,22-08-2023,11-09-2023,Raw Materials,Delivered,945,57.01,55.14,147,No,53874.45,20,Aug-23,1767.15,16%
PO-00678,Delta_Logistics,14-12-2023,27-12-2023,MRO,Pending,209,72.71,64.34,39,Yes,15196.39,13,Dec-23,1749.33,19%
PO-00679,Beta_Supplies,21-01-2022,,Packaging,Delivered,1548,25.03,22.87,,Yes,38746.44,-44582,Jan-22,3343.68,0%
PO-00680,Delta_Logistics,13-08-2023,23-08-2023,Raw Materials,Delivered,901,108.63,106.3,141,Yes,97875.63,10,Aug-23,2099.33,16%
PO-00681,Epsilon_Group,25-01-2023,11-02-2023,Packaging,Delivered,1737,32.7,31.02,48,Yes,56799.9,17,Jan-23,2918.16,3%
PO-00682,Beta_Supplies,04-05-2023,22-05-2023,Raw Materials,Delivered,1981,102.43,90.99,204,Yes,202913.83,18,May-23,22662.64,10%
PO-00683,Epsilon_Group,07-01-2022,26-01-2022,MRO,Pending,739,68.47,66.09,19,Yes,50599.33,19,Jan-22,1758.82,3%
PO-00684,Beta_Supplies,27-12-2022,28-12-2022,Raw Materials,Delivered,1748,68.25,62.84,171,Yes,119301,1,Dec-22,9456.68,10%
PO-00685,Delta_Logistics,02-11-2022,06-11-2022,Office Supplies,Cancelled,429,58.95,55.35,59,No,25289.55,4,Nov-22,1544.4,14%
PO-00686,Gamma_Co,04-02-2023,,Electronics,Delivered,1618,32.76,28.41,62,Yes,53005.68,-44961,Feb-23,7038.3,4%
PO-00687,Beta_Supplies,06-03-2023,07-03-2023,Packaging,Delivered,1006,27.7,23.66,101,No,27866.2,1,Mar-23,4064.24,10%
PO-00688,Beta_Supplies,06-07-2023,15-07-2023,Electronics,Partially Delivered,740,32.53,29.35,84,Yes,24072.2,9,Jul-23,2353.2,11%
PO-00689,Gamma_Co,14-07-2023,,Raw Materials,Delivered,1500,29.19,27.24,72,Yes,43785,-45121,Jul-23,2925,5%
PO-00690,Delta_Logistics,10-09-2023,29-09-2023,Office Supplies,Cancelled,1686,88.18,77.15,,Yes,148671.48,19,Sep-23,18596.58,0%
PO-00691,Epsilon_Group,14-08-2022,16-08-2022,Raw Materials,Cancelled,1341,42.96,41.75,39,Yes,57609.36,2,Aug-22,1622.61,3%
PO-00692,Alpha_Inc,15-05-2023,21-05-2023,MRO,Cancelled,1908,16.42,15.31,36,Yes,31329.36,6,May-23,2117.88,2%
PO-00693,Gamma_Co,13-08-2022,02-09-2022,MRO,Partially Delivered,1650,100.62,90.45,85,Yes,166023,20,Aug-22,16780.5,5%
PO-00694,Alpha_Inc,07-10-2022,20-10-2022,MRO,Delivered,1490,93.57,81.68,29,Yes,139419.3,13,Oct-22,17716.1,2%
PO-00695,Delta_Logistics,23-03-2023,31-03-2023,Raw Materials,Delivered,1241,100.04,97.56,187,Yes,124149.64,8,Mar-23,3077.68,15%
PO-00696,Beta_Supplies,13-05-2023,17-05-2023,MRO,Delivered,1915,107.51,102.66,184,Yes,205881.65,4,May-23,9287.75,10%
PO-00697,Beta_Supplies,30-01-2022,14-02-2022,Raw Materials,Delivered,1116,25.65,24.28,121,Yes,28625.4,15,Jan-22,1528.92,11%
PO-00698,Delta_Logistics,03-02-2023,08-02-2023,Raw Materials,Delivered,1629,48.63,43.28,260,Yes,79218.27,5,Feb-23,8715.15,16%
PO-00699,Epsilon_Group,11-12-2022,18-12-2022,Office Supplies,Delivered,334,82.54,74.63,,Yes,27568.36,7,Dec-22,2641.94,0%
PO-00700,Epsilon_Group,16-11-2023,06-12-2023,Packaging,Delivered,446,80.63,70.37,,Yes,35960.98,20,Nov-23,4575.96,0%
PO-00701,Delta_Logistics,27-11-2023,,Electronics,Delivered,61,26.47,24.62,6,Yes,1614.67,-45257,Nov-23,112.85,10%
PO-00702,Delta_Logistics,19-02-2023,21-02-2023,Packaging,Delivered,1680,88.85,87.53,,Yes,149268,2,Feb-23,2217.6,0%
PO-00703,Delta_Logistics,19-06-2022,06-07-2022,Electronics,Delivered,1375,30.95,30.02,223,Yes,42556.25,17,Jun-22,1278.75,16%
PO-00704,Delta_Logistics,24-04-2023,05-05-2023,Electronics,Partially Delivered,1971,32.4,30.48,321,Yes,63860.4,11,Apr-23,3784.32,16%
PO-00705,Delta_Logistics,11-05-2022,,Raw Materials,Pending,1326,59.49,56.21,,Yes,78883.74,-44692,May-22,4349.28,0%
PO-00706,Delta_Logistics,30-09-2023,13-10-2023,MRO,Cancelled,548,69.7,61.87,90,Yes,38195.6,13,Sep-23,4290.84,16%
PO-00707,Beta_Supplies,01-07-2023,07-07-2023,MRO,Delivered,803,67.81,61.53,78,Yes,54451.43,6,Jul-23,5042.84,10%
PO-00708,Alpha_Inc,28-01-2022,15-02-2022,MRO,Delivered,84,18.23,15.55,0,Yes,1531.32,18,Jan-22,225.12,0%
PO-00709,Epsilon_Group,08-02-2023,20-02-2023,Packaging,Delivered,776,94.75,90.89,19,Yes,73526,12,Feb-23,2995.36,2%
PO-00710,Alpha_Inc,30-08-2023,08-09-2023,MRO,Delivered,898,37.12,35.54,18,No,33333.76,9,Aug-23,1418.84,2%
PO-00711,Beta_Supplies,01-08-2023,08-08-2023,Office Supplies,Cancelled,139,23.71,20.18,14,Yes,3295.69,7,Aug-23,490.67,10%
PO-00712,Gamma_Co,10-11-2023,,Raw Materials,Delivered,825,99.89,97.65,30,Yes,82409.25,-45240,Nov-23,1848,4%
PO-00713,Alpha_Inc,28-01-2022,07-02-2022,MRO,Delivered,654,96.01,90.31,10,Yes,62790.54,10,Jan-22,3727.8,2%
PO-00714,Gamma_Co,27-03-2022,06-04-2022,MRO,Delivered,1995,88.47,82.65,87,No,176497.65,10,Mar-22,11610.9,4%
PO-00715,Beta_Supplies,21-10-2023,28-10-2023,MRO,Delivered,1019,91.56,77.93,111,No,93299.64,7,Oct-23,13888.97,11%
PO-00716,Epsilon_Group,15-03-2023,31-03-2023,Packaging,Pending,1675,73.8,65.34,42,Yes,123615,16,Mar-23,14170.5,3%
PO-00717,Gamma_Co,19-05-2022,31-05-2022,Raw Materials,Pending,1071,60.77,58.5,,Yes,65084.67,12,May-22,2431.17,0%
PO-00718,Beta_Supplies,18-04-2023,27-04-2023,Office Supplies,Delivered,467,19.17,17.11,49,Yes,8952.39,9,Apr-23,962.02,10%
PO-00719,Delta_Logistics,06-07-2022,25-07-2022,MRO,Pending,164,48.16,47.46,27,Yes,7898.24,19,Jul-22,114.8,16%
PO-00720,Epsilon_Group,21-02-2022,06-03-2022,Electronics,Cancelled,666,43.76,41.13,18,Yes,29144.16,13,Feb-22,1751.58,3%
PO-00721,Delta_Logistics,24-09-2022,07-10-2022,Packaging,Partially Delivered,1976,34.71,31.56,286,No,68586.96,13,Sep-22,6224.4,14%
PO-00722,Epsilon_Group,24-01-2023,29-01-2023,MRO,Delivered,1269,79.61,71.86,47,Yes,101025.09,5,Jan-23,9834.75,4%
PO-00723,Epsilon_Group,02-12-2022,12-12-2022,MRO,Delivered,875,57.63,51.8,16,Yes,50426.25,10,Dec-22,5101.25,2%
PO-00724,Alpha_Inc,05-08-2022,,Packaging,Partially Delivered,1574,17.9,15.85,31,Yes,28174.6,-44778,Aug-22,3226.7,2%
PO-00725,Epsilon_Group,11-04-2023,26-04-2023,Office Supplies,Partially Delivered,1699,32.05,29.34,69,Yes,54452.95,15,Apr-23,4604.29,4%
PO-00726,Alpha_Inc,01-12-2022,17-12-2022,Electronics,Delivered,1566,75.43,71.27,27,Yes,118123.38,16,Dec-22,6514.56,2%
PO-00727,Gamma_Co,12-12-2022,30-12-2022,Electronics,Delivered,1148,17.78,17.16,61,Yes,20411.44,18,Dec-22,711.76,5%
PO-00728,Epsilon_Group,24-01-2023,11-02-2023,Office Supplies,Delivered,462,91.81,83.14,11,Yes,42416.22,18,Jan-23,4005.54,2%
PO-00729,Gamma_Co,12-10-2022,17-10-2022,Packaging,Delivered,1449,57.02,49.28,71,Yes,82621.98,5,Oct-22,11215.26,5%
PO-00730,Epsilon_Group,08-03-2023,27-03-2023,MRO,Delivered,1493,56.98,52.51,43,Yes,85071.14,19,Mar-23,6673.71,3%
PO-00731,Alpha_Inc,16-09-2022,18-09-2022,Office Supplies,Delivered,778,65.85,62.08,,No,51231.3,2,Sep-22,2933.06,0%
PO-00732,Delta_Logistics,25-03-2022,11-04-2022,Packaging,Partially Delivered,1350,85.06,82.34,,No,114831,17,Mar-22,3672,0%
PO-00733,Epsilon_Group,27-04-2023,05-05-2023,Packaging,Delivered,1070,44.4,40.07,26,Yes,47508,8,Apr-23,4633.1,2%
PO-00734,Beta_Supplies,20-01-2022,03-02-2022,Packaging,Pending,810,71.02,66.8,73,Yes,57526.2,14,Jan-22,3418.2,9%
PO-00735,Delta_Logistics,07-07-2023,23-07-2023,Packaging,Cancelled,725,66.4,62.1,118,Yes,48140,16,Jul-23,3117.5,16%
PO-00736,Alpha_Inc,23-02-2022,28-02-2022,Electronics,Delivered,1467,34.2,30.5,25,Yes,50171.4,5,Feb-22,5427.9,2%
PO-00737,Beta_Supplies,25-12-2022,12-01-2023,Packaging,Delivered,1942,93.98,81.31,198,Yes,182509.16,18,Dec-22,24605.14,10%
PO-00738,Gamma_Co,18-08-2022,,Office Supplies,Delivered,506,84.63,72.69,20,Yes,42822.78,-44791,Aug-22,6041.64,4%
PO-00739,Alpha_Inc,28-10-2023,13-11-2023,MRO,Delivered,969,76.53,75.64,30,Yes,74157.57,16,Oct-23,862.41,3%
PO-00740,Delta_Logistics,12-03-2022,19-03-2022,MRO,Delivered,241,87.42,82.15,,Yes,21068.22,7,Mar-22,1270.07,0%
PO-00741,Gamma_Co,30-10-2023,09-11-2023,Raw Materials,Delivered,788,97.3,94.44,32,Yes,76672.4,10,Oct-23,2253.68,4%
PO-00742,Gamma_Co,11-02-2022,13-02-2022,Office Supplies,Delivered,1762,74.12,65.71,94,Yes,130599.44,2,Feb-22,14818.42,5%
PO-00743,Alpha_Inc,01-02-2022,,Raw Materials,Pending,1172,85.76,81.43,25,Yes,100510.72,-44593,Feb-22,5074.76,2%
PO-00744,Delta_Logistics,11-09-2022,30-09-2022,Office Supplies,Delivered,1621,75.68,73.78,226,No,122677.28,19,Sep-22,3079.9,14%
PO-00745,Alpha_Inc,24-07-2022,26-07-2022,Packaging,Delivered,1027,73.35,65.42,24,No,75330.45,2,Jul-22,8144.11,2%
PO-00746,Beta_Supplies,21-01-2022,,Raw Materials,Delivered,1058,65.68,57.21,101,Yes,69489.44,-44582,Jan-22,8961.26,10%
PO-00747,Beta_Supplies,29-09-2023,05-10-2023,Packaging,Delivered,145,85.52,81.86,11,No,12400.4,6,Sep-23,530.7,8%
PO-00748,Epsilon_Group,06-06-2022,,Office Supplies,Delivered,1737,24.88,24.28,46,Yes,43216.56,-44718,Jun-22,1042.2,3%
PO-00749,Gamma_Co,02-09-2022,15-09-2022,Electronics,Delivered,712,92.85,89.39,43,Yes,66109.2,13,Sep-22,2463.52,6%
PO-00750,Epsilon_Group,10-05-2022,16-05-2022,Electronics,Delivered,1263,90.24,86.84,28,Yes,113973.12,6,May-22,4294.2,2%
PO-00751,Delta_Logistics,30-04-2023,,Electronics,Delivered,1809,13.58,12.68,,No,24566.22,-45046,Apr-23,1628.1,0%
PO-00752,Beta_Supplies,17-11-2023,,Electronics,Cancelled,86,93.6,88.22,5,Yes,8049.6,-45247,Nov-23,462.68,6%
PO-00753,Epsilon_Group,28-04-2022,,MRO,Delivered,1853,21.92,20.72,,Yes,40617.76,-44679,Apr-22,2223.6,0%
PO-00754,Beta_Supplies,01-08-2023,02-08-2023,Electronics,Delivered,1442,43.98,41.82,140,No,63419.16,1,Aug-23,3114.72,10%
PO-00755,Beta_Supplies,12-08-2022,01-09-2022,Office Supplies,Pending,1768,79.61,74.97,207,No,140750.48,20,Aug-22,8203.52,12%
PO-00756,Beta_Supplies,22-04-2023,03-05-2023,Electronics,Partially Delivered,1598,26.3,26.03,154,No,42027.4,11,Apr-23,431.46,10%
PO-00757,Alpha_Inc,18-12-2023,05-01-2024,MRO,Cancelled,328,93.23,82.63,6,Yes,30579.44,18,Dec-23,3476.8,2%
PO-00758,Epsilon_Group,20-09-2022,25-09-2022,Packaging,Delivered,266,88.29,80.22,4,Yes,23485.14,5,Sep-22,2146.62,2%
PO-00759,Gamma_Co,13-01-2023,28-01-2023,Raw Materials,Delivered,916,59.01,53.37,47,Yes,54053.16,15,Jan-23,5166.24,5%
PO-00760,Epsilon_Group,21-06-2022,25-06-2022,Packaging,Cancelled,922,10.84,9.27,29,Yes,9994.48,4,Jun-22,1447.54,3%
PO-00761,Gamma_Co,13-09-2023,28-09-2023,Packaging,Delivered,1871,39.42,37.41,101,No,73754.82,15,Sep-23,3760.71,5%
PO-00762,Epsilon_Group,14-09-2023,20-09-2023,Raw Materials,Delivered,1346,72.08,67.04,38,Yes,97019.68,6,Sep-23,6783.84,3%
PO-00763,Epsilon_Group,28-04-2022,09-05-2022,Electronics,Delivered,1954,99.78,87.47,57,Yes,194970.12,11,Apr-22,24053.74,3%
PO-00764,Beta_Supplies,17-06-2022,06-07-2022,Electronics,Delivered,111,68.53,65.22,11,Yes,7606.83,19,Jun-22,367.41,10%
PO-00765,Gamma_Co,15-11-2022,22-11-2022,Office Supplies,Pending,645,35.05,30.88,27,Yes,22607.25,7,Nov-22,2689.65,4%
PO-00766,Gamma_Co,21-04-2022,04-05-2022,Electronics,Cancelled,1953,68.07,62.95,87,Yes,132940.71,13,Apr-22,9999.36,4%
PO-00767,Gamma_Co,16-08-2023,02-09-2023,Electronics,Delivered,778,64.17,61.6,47,Yes,49924.26,17,Aug-23,1999.46,6%
PO-00768,Epsilon_Group,27-01-2022,09-02-2022,Office Supplies,Delivered,1415,80.19,78.34,,Yes,113468.85,13,Jan-22,2617.75,0%
PO-00769,Gamma_Co,16-11-2022,22-11-2022,Raw Materials,Delivered,446,20.61,19.46,14,Yes,9192.06,6,Nov-22,512.9,3%
PO-00770,Epsilon_Group,13-08-2023,,Office Supplies,Delivered,748,85.95,79.16,32,Yes,64290.6,-45151,Aug-23,5078.92,4%
PO-00771,Alpha_Inc,25-11-2023,03-12-2023,Electronics,Pending,1092,65.17,63.11,21,Yes,71165.64,8,Nov-23,2249.52,2%
PO-00772,Beta_Supplies,20-01-2023,02-02-2023,Electronics,Delivered,226,102.47,99.16,28,Yes,23158.22,13,Jan-23,748.06,12%
PO-00773,Delta_Logistics,11-02-2023,20-02-2023,Electronics,Delivered,1685,43.42,42.24,262,Yes,73162.7,9,Feb-23,1988.3,16%
PO-00774,Alpha_Inc,23-07-2022,,Office Supplies,Delivered,445,68.94,60.35,7,Yes,30678.3,-44765,Jul-22,3822.55,2%
PO-00775,Gamma_Co,19-03-2022,07-04-2022,Raw Materials,Delivered,494,94.82,81.89,29,Yes,46841.08,19,Mar-22,6387.42,6%
PO-00776,Beta_Supplies,30-08-2023,11-09-2023,MRO,Delivered,1306,21.05,18.27,128,Yes,27491.3,12,Aug-23,3630.68,10%
PO-00777,Beta_Supplies,09-12-2023,11-12-2023,Office Supplies,Delivered,1988,105.2,93.23,187,Yes,209137.6,2,Dec-23,23796.36,9%
